node,row,col,latitude,longitude,chi,elevation,flow_distance,drainage_area,m_chi,b_chi,source_key,basin_key,segmented_elevation,segment_number
16441159,2317,2044,38.018984,-122.74716,100.5,250.87,14083.0,2007.0,4.4902,-197.52,169,9,253.74,631
16441158,2317,2043,38.0189841,-122.747194,100.23,250.13,14080.0,2196.0,4.4902,-197.52,169,9,252.55,631
16441157,2317,2042,38.0189842,-122.747228,99.979,249.45,14077.0,2205.0,4.4902,-197.52,169,9,251.41,631
16441156,2317,2041,38.0189842,-122.747262,99.723,248.99,14074.0,4176.0,4.4902,-197.52,169,9,250.26,631
16441155,2317,2040,38.0189843,-122.747296,99.515,248.4,14071.0,4527.0,4.4902,-197.52,169,9,249.32,631
16448249,2318,2039,38.0189573,-122.747331,99.228,247.55,14066.0,4635.0,4.4902,-197.52,169,9,248.04,631
16448248,2318,2038,38.0189574,-122.747365,99.027,246.97,14063.0,4806.0,4.4902,-197.52,169,9,247.13,631
16455342,2319,2037,38.0189305,-122.747399,98.746,246.2,14059.0,5031.0,4.4902,-197.52,169,9,245.87,631
16462436,2320,2036,38.0189035,-122.747433,98.468,245.29,14055.0,5247.0,4.4902,-197.52,169,9,244.62,631
16469530,2321,2035,38.0188765,-122.747468,98.194,244.0,14051.0,9396.0,4.4902,-197.52,169,9,243.39,631
16476624,2322,2034,38.0188496,-122.747502,97.967,243.44,14046.0,9549.0,4.4902,-197.52,169,9,242.37,631
16483718,2323,2033,38.0188226,-122.747536,97.741,242.28,14042.0,9882.0,4.4902,-197.52,169,9,241.36,631
16490812,2324,2032,38.0187956,-122.74757,97.518,241.63,14038.0,10791.0,4.4902,-197.52,169,9,240.35,631
16497907,2325,2032,38.0187686,-122.747571,97.364,240.74,14035.0,11232.0,4.4902,-197.52,169,9,239.66,631
16505002,2326,2032,38.0187416,-122.747571,97.212,240.26,14032.0,11376.0,4.4902,-197.52,169,9,238.98,631
16512096,2327,2031,38.0187146,-122.747605,96.999,239.39,14028.0,12573.0,4.4902,-197.52,169,9,238.02,631
16519190,2328,2030,38.0186876,-122.747639,96.792,238.64,14023.0,12906.0,4.4902,-197.52,169,9,237.1,631
16526285,2329,2030,38.0186606,-122.747639,96.647,237.88,14020.0,13158.0,4.4902,-197.52,169,9,236.44,631
16533379,2330,2029,38.0186336,-122.747674,96.443,236.92,14016.0,13608.0,4.4902,-197.52,169,9,235.53,631
16540474,2331,2029,38.0186066,-122.747674,96.3,236.2,14013.0,13860.0,4.4902,-197.52,169,9,234.89,631
16547568,2332,2028,38.0185796,-122.747708,96.1,235.3,14009.0,14490.0,4.4902,-197.52,169,9,233.99,631
16554663,2333,2028,38.0185526,-122.747708,95.96,234.62,14006.0,15057.0,4.4902,-197.52,169,9,233.36,631
16561758,2334,2028,38.0185255,-122.747708,95.822,234.34,14003.0,15156.0,4.4902,-197.52,169,9,232.74,631
16568852,2335,2027,38.0184986,-122.747742,95.627,234.23,13999.0,15471.0,4.4902,-197.52,169,9,231.86,631
16575947,2336,2027,38.0184715,-122.747742,95.49,233.77,13996.0,15552.0,4.4902,-197.52,169,9,231.25,631
16583042,2337,2027,38.0184445,-122.747743,95.353,233.3,13993.0,15606.0,4.4902,-197.52,169,9,230.63,631
16590137,2338,2027,38.0184175,-122.747743,95.217,232.26,13990.0,15777.0,4.4902,-197.52,169,9,230.02,631
16597231,2339,2026,38.0183905,-122.747777,95.024,230.65,13985.0,16425.0,4.4902,-197.52,169,9,229.16,631
16604325,2340,2025,38.0183635,-122.747811,94.834,228.79,13981.0,16614.0,4.4902,-197.52,169,9,228.3,632
16611420,2341,2025,38.0183365,-122.747811,94.7,227.75,13978.0,16641.0,4.4902,-197.52,169,9,227.7,632
16618514,2342,2024,38.0183095,-122.747846,94.511,226.7,13974.0,17406.0,4.4902,-197.52,169,9,226.85,632
16625609,2343,2024,38.0182825,-122.747846,94.379,225.29,13971.0,17712.0,4.4902,-197.52,169,9,226.26,632
16632704,2344,2024,38.0182554,-122.747846,94.248,224.17,13968.0,18225.0,4.4902,-197.52,169,9,225.67,632
16639799,2345,2024,38.0182284,-122.747846,94.118,223.63,13965.0,18369.0,4.4902,-197.52,169,9,225.09,632
16646894,2346,2024,38.0182014,-122.747846,93.989,223.25,13962.0,18387.0,4.4902,-197.52,169,9,224.51,632
16653989,2347,2024,38.0181743,-122.747846,93.859,222.76,13959.0,18828.0,4.4902,-197.52,169,9,223.93,632
16661083,2348,2023,38.0181474,-122.74788,93.677,221.36,13955.0,19287.0,4.4902,-197.52,169,9,223.11,632
16668178,2349,2023,38.0181203,-122.74788,93.55,220.98,13952.0,29241.0,4.4902,-197.52,169,9,222.54,632
16675272,2350,2022,38.0180934,-122.747915,93.392,220.89,13947.0,29349.0,4.4902,-197.52,169,9,221.83,632
16682366,2351,2021,38.0180664,-122.747949,93.234,220.54,13943.0,29448.0,4.4902,-197.52,169,9,221.12,632
16689460,2352,2020,38.0180394,-122.747983,93.076,219.19,13939.0,30375.0,4.4902,-197.52,169,9,220.41,632
16696554,2353,2019,38.0180125,-122.748017,92.92,219.19,13935.0,30582.0,4.4902,-197.52,169,9,219.71,632
16703648,2354,2018,38.0179855,-122.748052,92.765,217.74,13930.0,31257.0,4.4902,-197.52,169,9,219.01,632
16710742,2355,2017,38.0179585,-122.748086,92.61,217.74,13926.0,31527.0,4.9535,-241.32,169,9,217.43,633
16717837,2356,2017,38.0179315,-122.748086,92.501,217.37,13923.0,31626.0,4.9535,-241.32,169,9,216.89,633
16724931,2357,2016,38.0179045,-122.74812,92.347,216.91,13919.0,31761.0,4.9535,-241.32,169,9,216.13,633
16732026,2358,2016,38.0178775,-122.74812,92.238,216.07,13916.0,32112.0,4.9535,-241.32,169,9,215.59,633
16739120,2359,2015,38.0178505,-122.748155,92.085,215.35,13912.0,32220.0,4.9535,-241.32,169,9,214.83,633
16746214,2360,2014,38.0178236,-122.748189,91.932,214.02,13907.0,32283.0,4.9535,-241.32,169,9,214.07,633
16753309,2361,2014,38.0177965,-122.748189,91.824,212.84,13904.0,32688.0,4.9535,-241.32,169,9,213.54,633
16760403,2362,2013,38.0177696,-122.748223,91.671,211.75,13900.0,33885.0,4.9535,-241.32,169,9,212.78,633
16767497,2363,2012,38.0177426,-122.748258,91.52,210.56,13896.0,34857.0,4.9535,-241.32,169,9,212.03,633
16774592,2364,2012,38.0177156,-122.748258,91.415,209.57,13893.0,35460.0,4.9535,-241.32,169,9,211.51,633
16781686,2365,2011,38.0176886,-122.748292,91.266,209.06,13889.0,35694.0,4.9535,-241.32,169,9,210.78,633
16788781,2366,2011,38.0176616,-122.748292,91.162,208.4,13886.0,36108.0,4.9535,-241.32,169,9,210.26,633
16795876,2367,2011,38.0176345,-122.748292,91.057,208.26,13883.0,36216.0,4.9535,-241.32,169,9,209.74,633
16802970,2368,2010,38.0176076,-122.748326,90.91,207.69,13878.0,37557.0,4.9535,-241.32,169,9,209.01,633
16810064,2369,2009,38.0175806,-122.748361,90.764,206.86,13874.0,38142.0,4.9535,-241.32,169,9,208.29,633
16817158,2370,2008,38.0175536,-122.748395,90.619,206.86,13870.0,38538.0,4.9535,-241.32,169,9,207.57,633
16817157,2370,2007,38.0175537,-122.748429,90.517,206.39,13867.0,38673.0,4.9535,-241.32,169,9,207.06,633
16817156,2370,2006,38.0175538,-122.748463,90.414,206.19,13864.0,38862.0,4.9535,-241.32,169,9,206.56,633
16817155,2370,2005,38.0175538,-122.748498,90.312,205.9,13861.0,38970.0,4.9535,-241.32,169,9,206.05,633
16824249,2371,2004,38.0175269,-122.748532,90.168,205.5,13857.0,39096.0,4.9535,-241.32,169,9,205.34,633
16824248,2371,2003,38.017527,-122.748566,90.067,204.92,13854.0,39753.0,4.9535,-241.32,169,9,204.83,633
16824247,2371,2002,38.017527,-122.7486,89.965,204.85,13851.0,40005.0,4.9535,-241.32,169,9,204.33,633
16831341,2372,2001,38.0175001,-122.748634,89.823,204.59,13847.0,40140.0,4.9535,-241.32,169,9,203.62,633
16831340,2372,2000,38.0175001,-122.748669,89.722,204.34,13844.0,40320.0,4.9535,-241.32,169,9,203.12,633
16838434,2373,1999,38.0174732,-122.748703,89.579,203.95,13839.0,40653.0,4.9535,-241.32,169,9,202.42,633
16838433,2373,1998,38.0174732,-122.748737,89.479,203.57,13836.0,41391.0,4.9535,-241.32,169,9,201.92,633
16845527,2374,1997,38.0174463,-122.748771,89.337,203.14,13832.0,42282.0,4.9535,-241.32,169,9,201.22,633
16852621,2375,1996,38.0174193,-122.748806,89.197,202.54,13828.0,42552.0,4.9535,-241.32,169,9,200.52,633
16859715,2376,1995,38.0173923,-122.74884,89.057,201.99,13824.0,43551.0,4.9535,-241.32,169,9,199.83,634
16866809,2377,1994,38.0173654,-122.748874,88.918,201.68,13819.0,43587.0,4.9535,-241.32,169,9,199.14,634
16873903,2378,1993,38.0173384,-122.748908,88.779,201.16,13815.0,43875.0,4.9535,-241.32,169,9,198.45,634
16880998,2379,1993,38.0173114,-122.748908,88.681,200.26,13812.0,44073.0,4.9535,-241.32,169,9,197.97,634
16888092,2380,1992,38.0172844,-122.748943,88.542,198.96,13808.0,44379.0,4.9535,-241.32,169,9,197.28,634
16895187,2381,1992,38.0172574,-122.748943,88.444,198.12,13805.0,45081.0,4.9535,-241.32,169,9,196.8,634
16902281,2382,1991,38.0172304,-122.748977,88.307,197.09,13801.0,45522.0,4.9535,-241.32,169,9,196.12,634
16909375,2383,1990,38.0172034,-122.749011,88.17,196.68,13796.0,45801.0,4.9535,-241.32,169,9,195.44,634
16916469,2384,1989,38.0171765,-122.749046,88.033,195.1,13792.0,46539.0,4.9535,-241.32,169,9,194.76,634
16923563,2385,1988,38.0171495,-122.74908,87.897,194.21,13788.0,46773.0,4.9535,-241.32,169,9,194.08,634
16923562,2385,1987,38.0171496,-122.749114,87.801,192.99,13785.0,47061.0,4.9535,-241.32,169,9,193.61,634
16930656,2386,1986,38.0171226,-122.749148,87.665,191.91,13781.0,47250.0,4.9535,-241.32,169,9,192.94,634
16930655,2386,1985,38.0171227,-122.749183,87.569,190.53,13778.0,47718.0,4.9535,-241.32,169,9,192.46,634
16937749,2387,1984,38.0170957,-122.749217,87.434,189.57,13773.0,48033.0,4.9535,-241.32,169,9,191.79,634
16937748,2387,1983,38.0170958,-122.749251,87.339,188.75,13770.0,48447.0,4.9535,-241.32,169,9,191.32,634
16944842,2388,1982,38.0170688,-122.749285,87.205,187.59,13766.0,49473.0,4.9535,-241.32,169,9,190.66,634
16944841,2388,1981,38.0170689,-122.749319,87.11,187.48,13763.0,49500.0,6.6781,-393.69,169,9,188.04,635
16944840,2388,1980,38.017069,-122.749354,87.016,187.35,13760.0,49932.0,6.6781,-393.69,169,9,187.41,635
16944839,2388,1979,38.0170691,-122.749388,86.922,186.89,13757.0,50022.0,6.6781,-393.69,169,9,186.78,635
16944838,2388,1978,38.0170691,-122.749422,86.828,186.49,13754.0,50049.0,6.6781,-393.69,169,9,186.15,635
16944837,2388,1977,38.0170692,-122.749456,86.734,186.19,13751.0,50148.0,6.6781,-393.69,169,9,185.52,635
16951931,2389,1976,38.0170422,-122.74949,86.601,185.65,13747.0,50805.0,6.6781,-393.69,169,9,184.63,635
16951930,2389,1975,38.0170423,-122.749525,86.507,185.16,13744.0,51048.0,6.6781,-393.69,169,9,184.01,635
16959024,2390,1974,38.0170153,-122.749559,86.375,184.23,13740.0,51183.0,6.6781,-393.69,169,9,183.13,635
16959023,2390,1973,38.0170154,-122.749593,86.282,183.66,13737.0,51327.0,6.6781,-393.69,169,9,182.5,635
16966117,2391,1972,38.0169884,-122.749627,86.15,182.46,13732.0,52083.0,6.6781,-393.69,169,9,181.62,635
16966116,2391,1971,38.0169885,-122.749661,86.057,181.98,13729.0,52398.0,6.6781,-393.69,169,9,181.0,635
16966115,2391,1970,38.0169886,-122.749696,85.964,180.76,13726.0,52425.0,6.6781,-393.69,169,9,180.38,635
16966114,2391,1969,38.0169887,-122.74973,85.872,179.53,13723.0,52479.0,6.6781,-393.69,169,9,179.76,635
16973208,2392,1968,38.0169617,-122.749764,85.741,177.96,13719.0,53415.0,6.6781,-393.69,169,9,178.89,635
16973207,2392,1967,38.0169618,-122.749798,85.648,177.71,13716.0,53424.0,6.6781,-393.69,169,9,178.27,635
16973206,2392,1966,38.0169618,-122.749832,85.556,176.98,13713.0,60660.0,6.6781,-393.69,169,9,177.66,635
16973205,2392,1965,38.0169619,-122.749867,85.468,175.92,13710.0,61857.0,6.6781,-393.69,169,9,177.07,635
16973204,2392,1964,38.016962,-122.749901,85.38,175.62,13707.0,61956.0,6.6781,-393.69,169,9,176.48,635
16980298,2393,1963,38.016935,-122.749935,85.256,175.62,13703.0,62244.0,6.6781,-393.69,169,9,175.65,635
16980297,2393,1962,38.0169351,-122.749969,85.168,174.94,13700.0,62577.0,6.6781,-393.69,169,9,175.07,635
16980296,2393,1961,38.0169352,-122.750003,85.081,174.06,13697.0,62613.0,6.6781,-393.69,169,9,174.48,635
16980295,2393,1960,38.0169352,-122.750038,84.993,172.99,13694.0,63126.0,6.6781,-393.69,169,9,173.9,635
16980294,2393,1959,38.0169353,-122.750072,84.906,172.29,13691.0,64251.0,6.6781,-393.69,169,9,173.31,635
16980293,2393,1958,38.0169354,-122.750106,84.819,172.11,13688.0,64278.0,6.6781,-393.69,169,9,172.73,635
16987387,2394,1957,38.0169084,-122.75014,84.696,171.2,13684.0,64287.0,6.6781,-393.69,169,9,171.92,635
16994481,2395,1956,38.0168815,-122.750174,84.573,170.32,13679.0,66177.0,6.6781,-393.69,169,9,171.1,635
16994480,2395,1955,38.0168815,-122.750209,84.487,169.88,13676.0,66393.0,6.6781,-393.69,169,9,170.52,635
16987384,2394,1954,38.0169086,-122.750243,84.366,168.36,13672.0,66492.0,6.6781,-393.69,169,9,169.71,635
16987383,2394,1953,38.0169087,-122.750277,84.28,167.9,13669.0,66942.0,6.6781,-393.69,169,9,169.14,635
16987382,2394,1952,38.0169088,-122.750311,84.194,167.49,13666.0,68958.0,6.6781,-393.69,169,9,168.56,635
16987381,2394,1951,38.0169089,-122.750345,84.109,167.34,13663.0,69084.0,6.6781,-393.69,169,9,168.0,635
16987380,2394,1950,38.0169089,-122.750379,84.025,167.18,13660.0,69093.0,6.6781,-393.69,169,9,167.43,636
16987379,2394,1949,38.016909,-122.750414,83.94,166.69,13657.0,69489.0,6.6781,-393.69,169,9,166.86,636
16987378,2394,1948,38.0169091,-122.750448,83.855,165.94,13654.0,69678.0,6.6781,-393.69,169,9,166.3,636
16987377,2394,1947,38.0169091,-122.750482,83.771,165.57,13651.0,69795.0,6.6781,-393.69,169,9,165.73,636
16994471,2395,1946,38.0168822,-122.750516,83.651,165.27,13647.0,71001.0,6.6781,-393.69,169,9,164.94,636
16994470,2395,1945,38.0168823,-122.75055,83.567,164.96,13644.0,71082.0,6.6781,-393.69,169,9,164.37,636
16994469,2395,1944,38.0168823,-122.750585,83.483,164.72,13641.0,71451.0,6.6781,-393.69,169,9,163.81,636
16994468,2395,1943,38.0168824,-122.750619,83.399,163.48,13638.0,71622.0,6.6781,-393.69,169,9,163.25,636
16994467,2395,1942,38.0168825,-122.750653,83.315,163.22,13635.0,76932.0,6.6781,-393.69,169,9,162.69,636
16994466,2395,1941,38.0168825,-122.750687,83.233,162.97,13632.0,77742.0,6.6781,-393.69,169,9,162.15,636
16994465,2395,1940,38.0168826,-122.750721,83.151,162.75,13629.0,77778.0,6.6781,-393.69,169,9,161.6,636
17001559,2396,1939,38.0168556,-122.750756,83.036,162.49,13625.0,78669.0,6.6781,-393.69,169,9,160.83,636
17001558,2396,1938,38.0168557,-122.75079,82.955,162.19,13622.0,79191.0,6.6781,-393.69,169,9,160.28,636
17008652,2397,1937,38.0168288,-122.750824,82.84,161.9,13617.0,80100.0,4.1344,-181.21,169,9,161.28,637
17008651,2397,1936,38.0168288,-122.750858,82.759,161.73,13614.0,80388.0,4.1344,-181.21,169,9,160.94,637
17008650,2397,1935,38.0168289,-122.750892,82.678,161.15,13611.0,80748.0,4.1344,-181.21,169,9,160.61,637
17015744,2398,1934,38.0168019,-122.750927,82.564,160.58,13607.0,80802.0,4.1344,-181.21,169,9,160.14,637
17015743,2398,1933,38.016802,-122.750961,82.483,159.83,13604.0,81666.0,4.1344,-181.21,169,9,159.8,637
17015742,2398,1932,38.0168021,-122.750995,82.403,159.38,13601.0,82215.0,4.1344,-181.21,169,9,159.47,637
17022836,2399,1931,38.0167751,-122.751029,82.289,159.34,13597.0,82413.0,4.1344,-181.21,169,9,159.0,637
17022835,2399,1930,38.0167752,-122.751063,82.209,158.76,13594.0,82674.0,4.1344,-181.21,169,9,158.67,637
17022834,2399,1929,38.0167753,-122.751098,82.129,158.35,13591.0,82989.0,4.1344,-181.21,169,9,158.34,637
17022833,2399,1928,38.0167753,-122.751132,82.049,158.04,13588.0,83448.0,4.1344,-181.21,169,9,158.01,637
17029927,2400,1927,38.0167484,-122.751166,81.936,157.6,13584.0,85239.0,4.1344,-181.21,169,9,157.54,637
17037021,2401,1926,38.0167214,-122.7512,81.824,156.97,13580.0,85266.0,4.1344,-181.21,169,9,157.08,637
17037020,2401,1925,38.0167215,-122.751235,81.745,156.57,13577.0,85752.0,4.1344,-181.21,169,9,156.75,637
17044114,2402,1924,38.0166945,-122.751269,81.633,155.84,13572.0,86787.0,4.1344,-181.21,169,9,156.29,637
17044113,2402,1923,38.0166946,-122.751303,81.554,155.48,13569.0,87381.0,4.1344,-181.21,169,9,155.96,637
17044112,2402,1922,38.0166946,-122.751337,81.475,155.2,13566.0,87957.0,4.1344,-181.21,169,9,155.64,637
17044111,2402,1921,38.0166947,-122.751371,81.397,154.98,13563.0,87966.0,4.1344,-181.21,169,9,155.31,637
17044110,2402,1920,38.0166948,-122.751406,81.318,154.65,13560.0,89388.0,4.1344,-181.21,169,9,154.99,637
17044109,2402,1919,38.0166949,-122.75144,81.24,154.22,13557.0,90090.0,4.1344,-181.21,169,9,154.66,637
17037013,2401,1918,38.016722,-122.751474,81.13,153.41,13553.0,90270.0,4.1344,-181.21,169,9,154.21,637
17029917,2400,1917,38.0167491,-122.751508,81.02,153.3,13549.0,90351.0,4.1344,-181.21,169,9,153.75,637
17029916,2400,1916,38.0167492,-122.751542,80.942,152.81,13546.0,91242.0,4.1344,-181.21,169,9,153.43,637
17029915,2400,1915,38.0167492,-122.751576,80.864,152.69,13543.0,91512.0,4.1344,-181.21,169,9,153.11,637
17022819,2399,1914,38.0167763,-122.75161,80.755,152.36,13539.0,93231.0,4.1344,-181.21,169,9,152.66,637
17022818,2399,1913,38.0167764,-122.751644,80.678,152.24,13536.0,93411.0,4.1344,-181.21,169,9,152.34,637
17022817,2399,1912,38.0167765,-122.751679,80.601,151.82,13533.0,93591.0,4.1344,-181.21,169,9,152.02,637
17022816,2399,1911,38.0167766,-122.751713,80.524,151.48,13530.0,94149.0,4.1344,-181.21,169,9,151.7,637
17022815,2399,1910,38.0167766,-122.751747,80.447,151.28,13527.0,94158.0,4.1344,-181.21,169,9,151.38,637
17022814,2399,1909,38.0167767,-122.751781,80.37,150.74,13524.0,94626.0,4.1344,-181.21,169,9,151.07,637
17022813,2399,1908,38.0167768,-122.751815,80.293,150.58,13521.0,94923.0,4.1344,-181.21,169,9,150.75,637
17022812,2399,1907,38.0167768,-122.75185,80.217,150.32,13518.0,95283.0,4.1344,-181.21,169,9,150.43,637
17029906,2400,1906,38.0167499,-122.751884,80.108,150.25,13513.0,95364.0,4.1344,-181.21,169,9,149.99,638
17029905,2400,1905,38.01675,-122.751918,80.032,149.65,13510.0,96075.0,4.1344,-181.21,169,9,149.67,638
17036999,2401,1904,38.016723,-122.751952,79.924,149.36,13506.0,98946.0,4.1344,-181.21,169,9,149.22,638
17036998,2401,1903,38.0167231,-122.751986,79.848,149.07,13503.0,99189.0,4.1344,-181.21,169,9,148.91,638
17044092,2402,1902,38.0166961,-122.752021,79.742,148.84,13499.0,99261.0,4.1344,-181.21,169,9,148.47,638
17044091,2402,1901,38.0166962,-122.752055,79.666,148.38,13496.0,99666.0,4.1344,-181.21,169,9,148.16,638
17051185,2403,1900,38.0166692,-122.752089,79.559,147.98,13492.0,101020.0,4.1344,-181.21,169,9,147.72,638
17058280,2404,1900,38.0166422,-122.752089,79.484,147.69,13489.0,104030.0,4.1344,-181.21,169,9,147.4,638
17065374,2405,1899,38.0166152,-122.752123,79.379,147.27,13484.0,104340.0,4.1344,-181.21,169,9,146.97,638
17072468,2406,1898,38.0165882,-122.752158,79.274,146.62,13480.0,104470.0,4.1344,-181.21,169,9,146.54,638
17079562,2407,1897,38.0165613,-122.752192,79.169,146.34,13476.0,104500.0,4.1344,-181.21,169,9,146.1,638
17086657,2408,1897,38.0165342,-122.752192,79.094,145.96,13473.0,105680.0,4.1344,-181.21,169,9,145.79,638
17086656,2408,1896,38.0165343,-122.752226,79.02,145.9,13470.0,105700.0,4.1344,-181.21,169,9,145.49,638
17086655,2408,1895,38.0165344,-122.75226,78.946,145.73,13467.0,105770.0,4.1344,-181.21,169,9,145.18,638
17086654,2408,1894,38.0165344,-122.752295,78.872,145.39,13464.0,105820.0,2.6325,-62.7,169,9,144.93,639
17093748,2409,1893,38.0165075,-122.752329,78.768,145.21,13460.0,107570.0,2.6325,-62.7,169,9,144.65,639
17100842,2410,1892,38.0164805,-122.752363,78.664,145.21,13455.0,108130.0,2.6325,-62.7,169,9,144.38,639
17100841,2410,1891,38.0164806,-122.752397,78.59,144.9,13452.0,108360.0,2.6325,-62.7,169,9,144.18,639
17100840,2410,1890,38.0164806,-122.752432,78.517,144.66,13449.0,109190.0,2.6325,-62.7,169,9,143.99,639
17100839,2410,1889,38.0164807,-122.752466,78.443,144.55,13446.0,109440.0,2.6325,-62.7,169,9,143.8,639
17107933,2411,1888,38.0164538,-122.7525,78.34,144.01,13442.0,109460.0,2.6325,-62.7,169,9,143.53,639
17107932,2411,1887,38.0164538,-122.752534,78.267,143.78,13439.0,110070.0,2.6325,-62.7,169,9,143.33,639
17107931,2411,1886,38.0164539,-122.752568,78.194,143.73,13436.0,110360.0,2.6325,-62.7,169,9,143.14,639
17115025,2412,1885,38.0164269,-122.752603,78.09,143.36,13432.0,111170.0,2.6325,-62.7,169,9,142.87,639
17115024,2412,1884,38.016427,-122.752637,78.018,142.88,13429.0,112180.0,2.6325,-62.7,169,9,142.68,639
17122118,2413,1883,38.0164,-122.752671,77.915,142.45,13425.0,112680.0,2.6325,-62.7,169,9,142.41,639
17129212,2414,1882,38.0163731,-122.752705,77.812,142.03,13420.0,113280.0,2.6325,-62.7,169,9,142.14,639
17136306,2415,1881,38.0163461,-122.75274,77.71,141.52,13416.0,114090.0,2.6325,-62.7,169,9,141.87,639
17136305,2415,1880,38.0163462,-122.752774,77.638,141.24,13413.0,114710.0,2.6325,-62.7,169,9,141.68,639
17136304,2415,1879,38.0163462,-122.752808,77.565,141.24,13410.0,114730.0,2.6325,-62.7,169,9,141.49,639
17136303,2415,1878,38.0163463,-122.752842,77.493,140.89,13407.0,117220.0,2.6325,-62.7,169,9,141.3,639
17136302,2415,1877,38.0163464,-122.752876,77.422,140.78,13404.0,117220.0,2.6325,-62.7,169,9,141.11,639
17136301,2415,1876,38.0163465,-122.75291,77.35,140.38,13401.0,117510.0,2.6325,-62.7,169,9,140.92,639
17136300,2415,1875,38.0163465,-122.752945,77.279,139.94,13398.0,118010.0,2.6325,-62.7,169,9,140.73,639
17136299,2415,1874,38.0163466,-122.752979,77.207,139.66,13395.0,118530.0,2.6325,-62.7,169,9,140.54,639
17143393,2416,1873,38.0163196,-122.753013,77.106,139.66,13391.0,128470.0,2.6325,-62.7,169,9,140.28,639
17150487,2417,1872,38.0162927,-122.753047,77.008,139.66,13387.0,128760.0,2.6325,-62.7,169,9,140.02,639
17157582,2418,1872,38.0162656,-122.753047,76.938,139.57,13384.0,130150.0,2.6325,-62.7,169,9,139.84,639
17164676,2419,1871,38.0162387,-122.753082,76.84,139.18,13379.0,130720.0,2.6325,-62.7,169,9,139.58,639
17171770,2420,1870,38.0162117,-122.753116,76.742,139.02,13375.0,131440.0,2.6325,-62.7,169,9,139.32,639
17178864,2421,1869,38.0161847,-122.75315,76.645,139.02,13371.0,132220.0,2.6325,-62.7,169,9,139.06,639
17178863,2421,1868,38.0161848,-122.753184,76.576,138.77,13368.0,132520.0,2.6325,-62.7,169,9,138.88,639
17178862,2421,1867,38.0161849,-122.753219,76.507,138.43,13365.0,133040.0,2.6325,-62.7,169,9,138.7,639
17178861,2421,1866,38.016185,-122.753253,76.438,138.3,13362.0,133050.0,2.6325,-62.7,169,9,138.52,640
17178860,2421,1865,38.016185,-122.753287,76.37,138.1,13359.0,133380.0,2.6325,-62.7,169,9,138.34,640
17178859,2421,1864,38.0161851,-122.753321,76.301,137.99,13356.0,133890.0,2.6325,-62.7,169,9,138.16,640
17185953,2422,1863,38.0161581,-122.753355,76.204,137.71,13352.0,134400.0,2.6325,-62.7,169,9,137.9,640
17185952,2422,1862,38.0161582,-122.75339,76.135,137.27,13349.0,135230.0,2.6325,-62.7,169,9,137.72,640
17193046,2423,1861,38.0161312,-122.753424,76.038,136.86,13344.0,136690.0,2.6325,-62.7,169,9,137.47,640
17185950,2422,1860,38.0161583,-122.753458,75.942,136.86,13340.0,137010.0,2.6325,-62.7,169,9,137.21,640
17193044,2423,1859,38.0161314,-122.753492,75.846,136.86,13336.0,137890.0,2.6325,-62.7,169,9,136.96,640
17200138,2424,1858,38.0161044,-122.753526,75.749,136.86,13332.0,139620.0,2.6325,-62.7,169,9,136.71,640
17207232,2425,1857,38.0160774,-122.753561,75.654,136.65,13327.0,139650.0,2.6325,-62.7,169,9,136.45,640
17207231,2425,1856,38.0160775,-122.753595,75.586,136.25,13324.0,140490.0,2.6325,-62.7,169,9,136.28,640
17207230,2425,1855,38.0160776,-122.753629,75.518,136.2,13321.0,140810.0,2.6325,-62.7,169,9,136.1,640
17214324,2426,1854,38.0160506,-122.753663,75.423,135.63,13317.0,144500.0,2.6325,-62.7,169,9,135.85,640
17214323,2426,1853,38.0160507,-122.753698,75.356,135.41,13314.0,145280.0,2.6325,-62.7,169,9,135.67,640
17214322,2426,1852,38.0160508,-122.753732,75.289,135.39,13311.0,145940.0,2.6325,-62.7,169,9,135.49,640
17214321,2426,1851,38.0160508,-122.753766,75.222,135.39,13308.0,146600.0,2.6325,-62.7,169,9,135.32,640
17214320,2426,1850,38.0160509,-122.7538,75.156,135.39,13305.0,146620.0,2.6325,-62.7,169,9,135.14,640
17214319,2426,1849,38.016051,-122.753834,75.089,135.39,13302.0,146940.0,2.6325,-62.7,169,9,134.97,640
17221413,2427,1848,38.016024,-122.753869,74.995,135.39,13298.0,148320.0,2.6325,-62.7,169,9,134.72,640
17221412,2427,1847,38.0160241,-122.753903,74.928,135.35,13295.0,148330.0,2.6325,-62.7,169,9,134.54,640
17221411,2427,1846,38.0160242,-122.753937,74.862,134.62,13292.0,148360.0,2.6325,-62.7,169,9,134.37,640
17221410,2427,1845,38.0160242,-122.753971,74.795,134.13,13289.0,149330.0,2.6325,-62.7,169,9,134.2,640
17221409,2427,1844,38.0160243,-122.754005,74.729,133.7,13286.0,150450.0,2.6325,-62.7,169,9,134.02,640
17221408,2427,1843,38.0160244,-122.754039,74.663,133.57,13283.0,151500.0,2.6325,-62.7,169,9,133.85,640
17228502,2428,1842,38.0159974,-122.754074,74.57,133.57,13279.0,152740.0,2.6325,-62.7,169,9,133.6,640
17228501,2428,1841,38.0159975,-122.754108,74.504,133.57,13276.0,153040.0,2.6325,-62.7,169,9,133.43,640
17228500,2428,1840,38.0159975,-122.754142,74.438,133.57,13273.0,153790.0,2.6325,-62.7,169,9,133.25,640
17235594,2429,1839,38.0159706,-122.754176,74.345,133.19,13269.0,154280.0,2.6325,-62.7,169,9,133.01,640
17242688,2430,1838,38.0159436,-122.754211,74.252,132.75,13264.0,155020.0,2.6325,-62.7,169,9,132.77,640
17242687,2430,1837,38.0159437,-122.754245,74.187,132.75,13261.0,156300.0,2.6325,-62.7,169,9,132.59,641
17249781,2431,1836,38.0159167,-122.754279,74.095,132.75,13257.0,156750.0,2.6325,-62.7,169,9,132.35,641
17256876,2432,1836,38.0158897,-122.754279,74.029,132.47,13254.0,157130.0,2.6325,-62.7,169,9,132.18,641
17256875,2432,1835,38.0158897,-122.754313,73.964,132.47,13251.0,157420.0,2.6325,-62.7,169,9,132.01,641
17263969,2433,1834,38.0158628,-122.754348,73.872,132.45,13247.0,157440.0,1.9236,-9.9568,169,9,132.14,642
17271063,2434,1833,38.0158358,-122.754382,73.78,132.03,13243.0,158490.0,1.9236,-9.9568,169,9,131.97,642
17278158,2435,1833,38.0158088,-122.754382,73.715,131.9,13240.0,162760.0,1.9236,-9.9568,169,9,131.84,642
17285252,2436,1832,38.0157818,-122.754416,73.624,131.49,13235.0,163260.0,1.9236,-9.9568,169,9,131.66,642
17292346,2437,1831,38.0157548,-122.75445,73.532,131.23,13231.0,164860.0,1.9236,-9.9568,169,9,131.49,642
17299441,2438,1831,38.0157278,-122.754451,73.468,131.19,13228.0,164920.0,1.9236,-9.9568,169,9,131.37,642
17299440,2438,1830,38.0157279,-122.754485,73.404,131.19,13225.0,165020.0,1.9236,-9.9568,169,9,131.24,642
17306534,2439,1829,38.0157009,-122.754519,73.313,131.19,13221.0,169180.0,1.9236,-9.9568,169,9,131.07,642
17313628,2440,1828,38.0156739,-122.754553,73.223,131.19,13217.0,170040.0,1.9236,-9.9568,169,9,130.89,642
17320722,2441,1827,38.015647,-122.754587,73.133,131.19,13212.0,171150.0,1.9236,-9.9568,169,9,130.72,642
17327816,2442,1826,38.01562,-122.754622,73.044,131.19,13208.0,171770.0,1.9236,-9.9568,169,9,130.55,642
17334910,2443,1825,38.015593,-122.754656,72.954,131.19,13204.0,172120.0,1.9236,-9.9568,169,9,130.38,642
17334909,2443,1824,38.0155931,-122.75469,72.891,130.71,13201.0,172140.0,1.9236,-9.9568,169,9,130.25,642
17342003,2444,1823,38.0155661,-122.754724,72.801,130.0,13197.0,172950.0,1.9236,-9.9568,169,9,130.08,642
17342002,2444,1822,38.0155662,-122.754759,72.738,129.59,13194.0,173400.0,1.9236,-9.9568,169,9,129.96,642
17349096,2445,1821,38.0155392,-122.754793,72.648,129.59,13189.0,173790.0,1.9236,-9.9568,169,9,129.79,642
17349095,2445,1820,38.0155393,-122.754827,72.585,129.23,13186.0,174900.0,1.9236,-9.9568,169,9,129.67,642
17356189,2446,1819,38.0155124,-122.754861,72.496,128.67,13182.0,177010.0,1.9236,-9.9568,169,9,129.5,642
17356188,2446,1818,38.0155124,-122.754896,72.433,128.65,13179.0,177590.0,1.9236,-9.9568,169,9,129.38,642
17356187,2446,1817,38.0155125,-122.75493,72.371,128.65,13176.0,178230.0,1.9236,-9.9568,169,9,129.25,642
17356186,2446,1816,38.0155126,-122.754964,72.308,128.65,13173.0,178600.0,1.9236,-9.9568,169,9,129.13,642
17356185,2446,1815,38.0155126,-122.754998,72.245,128.48,13170.0,179240.0,1.9236,-9.9568,169,9,129.01,642
17356184,2446,1814,38.0155127,-122.755032,72.183,128.33,13167.0,179410.0,1.9236,-9.9568,169,9,128.89,642
17356183,2446,1813,38.0155128,-122.755066,72.12,128.33,13164.0,180310.0,1.9236,-9.9568,169,9,128.77,642
17363277,2447,1812,38.0154858,-122.755101,72.032,128.33,13160.0,181010.0,1.9236,-9.9568,169,9,128.6,642
17363276,2447,1811,38.0154859,-122.755135,71.97,128.3,13157.0,181850.0,1.9236,-9.9568,169,9,128.48,642
17370370,2448,1810,38.0154589,-122.755169,71.882,128.3,13153.0,181940.0,1.9236,-9.9568,169,9,128.31,642
17377464,2449,1809,38.0154319,-122.755203,71.794,128.3,13148.0,182170.0,1.9236,-9.9568,169,9,128.15,642
17384559,2450,1809,38.0154049,-122.755203,71.732,128.3,13145.0,183020.0,1.9236,-9.9568,169,9,128.03,643
17391653,2451,1808,38.0153779,-122.755238,71.644,128.3,13141.0,183570.0,1.9236,-9.9568,169,9,127.86,643
17398747,2452,1807,38.015351,-122.755272,71.556,128.3,13137.0,187240.0,1.9236,-9.9568,169,9,127.69,643
17405841,2453,1806,38.015324,-122.755306,71.469,128.3,13133.0,187440.0,1.9236,-9.9568,169,9,127.52,643
17412935,2454,1805,38.015297,-122.755341,71.382,128.3,13128.0,187460.0,1.9236,-9.9568,169,9,127.35,643
17420029,2455,1804,38.0152701,-122.755375,71.295,127.21,13124.0,188150.0,1.9236,-9.9568,169,9,127.18,643
17420028,2455,1803,38.0152701,-122.755409,71.233,126.62,13121.0,189450.0,1.9236,-9.9568,169,9,127.07,643
17427122,2456,1802,38.0152432,-122.755443,71.146,126.62,13117.0,191490.0,1.9236,-9.9568,169,9,126.9,643
17434216,2457,1801,38.0152162,-122.755478,71.06,126.62,13113.0,191560.0,1.9236,-9.9568,169,9,126.73,643
17441311,2458,1801,38.0151892,-122.755478,70.998,126.52,13110.0,193710.0,1.9236,-9.9568,169,9,126.61,643
17448405,2459,1800,38.0151622,-122.755512,70.912,126.49,13105.0,194360.0,1.9236,-9.9568,169,9,126.45,643
17455499,2460,1799,38.0151352,-122.755546,70.826,126.49,13101.0,194390.0,1.9236,-9.9568,169,9,126.28,643
17455498,2460,1798,38.0151353,-122.75558,70.765,125.87,13098.0,194480.0,1.9236,-9.9568,169,9,126.17,643
17462592,2461,1797,38.0151083,-122.755615,70.679,125.51,13094.0,194620.0,1.9236,-9.9568,169,9,126.0,643
17462591,2461,1796,38.0151084,-122.755649,70.618,125.51,13091.0,196830.0,1.9236,-9.9568,169,9,125.88,643
17469685,2462,1795,38.0150814,-122.755683,70.532,125.51,13087.0,197030.0,1.9236,-9.9568,169,9,125.72,643
17469684,2462,1794,38.0150815,-122.755717,70.472,125.51,13084.0,197400.0,1.9236,-9.9568,169,9,125.6,643
17476778,2463,1793,38.0150545,-122.755751,70.386,125.5,13079.0,197820.0,1.9236,-9.9568,169,9,125.44,643
17483872,2464,1792,38.0150276,-122.755786,70.3,125.5,13075.0,198880.0,1.9236,-9.9568,169,9,125.27,643
17476776,2463,1791,38.0150547,-122.75582,70.215,125.5,13071.0,206600.0,1.9236,-9.9568,169,9,125.11,643
17483870,2464,1790,38.0150277,-122.755854,70.13,125.5,13067.0,207160.0,1.9236,-9.9568,169,9,124.94,643
17483869,2464,1789,38.0150278,-122.755888,70.07,125.5,13064.0,207330.0,1.9236,-9.9568,169,9,124.83,643
17490963,2465,1788,38.0150008,-122.755923,69.986,125.19,13060.0,207900.0,1.9236,-9.9568,169,9,124.67,643
17498057,2466,1787,38.0149739,-122.755957,69.902,124.55,13055.0,208260.0,1.9236,-9.9568,169,9,124.51,643
17505152,2467,1787,38.0149468,-122.755957,69.842,124.06,13052.0,208420.0,1.9236,-9.9568,169,9,124.39,643
17505151,2467,1786,38.0149469,-122.755991,69.783,123.96,13049.0,209290.0,1.9236,-9.9568,169,9,124.28,643
17512246,2468,1786,38.0149199,-122.755991,69.723,123.94,13046.0,209390.0,1.9236,-9.9568,169,9,124.16,643
17519340,2469,1785,38.0148929,-122.756025,69.639,123.94,13042.0,209710.0,1.9236,-9.9568,169,9,124.0,644
17526434,2470,1784,38.0148659,-122.75606,69.555,123.94,13038.0,237180.0,1.9236,-9.9568,169,9,123.84,644
17526433,2470,1783,38.014866,-122.756094,69.498,123.94,13035.0,237520.0,1.9236,-9.9568,169,9,123.73,644
17533527,2471,1782,38.014839,-122.756128,69.417,123.52,13031.0,237740.0,1.9236,-9.9568,169,9,123.57,644
17533526,2471,1781,38.0148391,-122.756162,69.36,123.35,13028.0,237780.0,1.9236,-9.9568,169,9,123.46,644
17540620,2472,1780,38.0148121,-122.756197,69.279,123.19,13023.0,238090.0,1.9236,-9.9568,169,9,123.31,644
17540619,2472,1779,38.0148122,-122.756231,69.222,122.77,13020.0,238920.0,1.9236,-9.9568,169,9,123.2,644
17547714,2473,1779,38.0147852,-122.756231,69.165,122.76,13017.0,239170.0,1.9236,-9.9568,169,9,123.09,644
17554808,2474,1778,38.0147582,-122.756265,69.084,122.76,13013.0,240070.0,1.9236,-9.9568,169,9,122.93,644
17561902,2475,1777,38.0147312,-122.756299,69.004,122.75,13009.0,240270.0,1.9668,-12.442,169,9,123.27,645
17568996,2476,1776,38.0147043,-122.756334,68.923,122.24,13005.0,240570.0,1.9668,-12.442,169,9,123.12,645
17568995,2476,1775,38.0147043,-122.756368,68.866,122.16,13002.0,241010.0,1.9668,-12.442,169,9,123.0,645
17576089,2477,1774,38.0146774,-122.756402,68.786,122.16,12997.0,241420.0,1.9668,-12.442,169,9,122.85,645
17583183,2478,1773,38.0146504,-122.756436,68.706,122.16,12993.0,241840.0,1.9668,-12.442,169,9,122.69,645
17590279,2479,1774,38.0146233,-122.756402,68.625,122.16,12989.0,242370.0,1.9668,-12.442,169,9,122.53,645
17597373,2480,1773,38.0145963,-122.756437,68.545,122.16,12985.0,243120.0,1.9668,-12.442,169,9,122.37,645
17604467,2481,1772,38.0145693,-122.756471,68.465,122.16,12980.0,243140.0,1.9668,-12.442,169,9,122.21,645
17611563,2482,1773,38.0145422,-122.756437,68.385,122.16,12976.0,244660.0,1.9668,-12.442,169,9,122.06,645
17618657,2483,1772,38.0145153,-122.756471,68.305,122.16,12972.0,245800.0,1.9668,-12.442,169,9,121.9,645
17625751,2484,1771,38.0144883,-122.756505,68.225,122.16,12968.0,246540.0,1.9668,-12.442,169,9,121.74,645
17632845,2485,1770,38.0144613,-122.756539,68.145,122.16,12963.0,248200.0,1.9668,-12.442,169,9,121.58,645
17639939,2486,1769,38.0144344,-122.756574,68.065,122.16,12959.0,248650.0,1.9668,-12.442,169,9,121.43,645
17647033,2487,1768,38.0144074,-122.756608,67.985,121.98,12955.0,248670.0,1.9668,-12.442,169,9,121.27,645
17654127,2488,1767,38.0143804,-122.756642,67.906,121.16,12951.0,248980.0,1.9668,-12.442,169,9,121.11,645
17661221,2489,1766,38.0143535,-122.756677,67.826,121.16,12946.0,250350.0,1.9668,-12.442,169,9,120.96,645
17668317,2490,1767,38.0143264,-122.756642,67.747,121.16,12942.0,252030.0,1.9668,-12.442,169,9,120.8,645
17675411,2491,1766,38.0142994,-122.756677,67.668,121.16,12938.0,252140.0,1.9668,-12.442,169,9,120.65,645
17682505,2492,1765,38.0142724,-122.756711,67.588,120.83,12934.0,252480.0,1.9668,-12.442,169,9,120.49,645
17689599,2493,1764,38.0142455,-122.756745,67.509,120.78,12929.0,252500.0,1.9668,-12.442,169,9,120.33,645
17696693,2494,1763,38.0142185,-122.75678,67.43,120.57,12925.0,252580.0,1.9668,-12.442,169,9,120.18,645
17703787,2495,1762,38.0141915,-122.756814,67.351,120.52,12921.0,252600.0,1.9668,-12.442,169,9,120.02,645
17710881,2496,1761,38.0141645,-122.756848,67.271,120.35,12917.0,253950.0,1.9668,-12.442,169,9,119.87,645
17710880,2496,1760,38.0141646,-122.756882,67.215,120.08,12914.0,253970.0,1.9668,-12.442,169,9,119.76,645
17710879,2496,1759,38.0141647,-122.756916,67.159,119.5,12911.0,253980.0,1.9668,-12.442,169,9,119.65,645
17710878,2496,1758,38.0141648,-122.756951,67.104,119.13,12908.0,255460.0,1.9668,-12.442,169,9,119.54,646
17717972,2497,1757,38.0141378,-122.756985,67.025,119.09,12903.0,256650.0,1.9668,-12.442,169,9,119.38,646
17717971,2497,1756,38.0141379,-122.757019,66.969,119.09,12900.0,258700.0,1.9668,-12.442,169,9,119.27,646
17725065,2498,1755,38.0141109,-122.757053,66.89,119.09,12896.0,260090.0,1.9668,-12.442,169,9,119.12,646
17725064,2498,1754,38.014111,-122.757087,66.835,119.09,12893.0,260360.0,1.9668,-12.442,169,9,119.01,646
17732158,2499,1753,38.014084,-122.757122,66.756,118.99,12889.0,260700.0,1.9668,-12.442,169,9,118.85,646
17739252,2500,1752,38.014057,-122.757156,66.678,118.64,12885.0,260770.0,1.9668,-12.442,169,9,118.7,646
17746347,2501,1752,38.01403,-122.757156,66.622,118.59,12882.0,261630.0,1.9668,-12.442,169,9,118.59,646
17746346,2501,1751,38.0140301,-122.75719,66.567,118.56,12879.0,261640.0,1.9668,-12.442,169,9,118.48,646
17746345,2501,1750,38.0140301,-122.757224,66.512,118.24,12876.0,262300.0,1.9668,-12.442,169,9,118.37,646
17753439,2502,1749,38.0140032,-122.757259,66.433,118.04,12872.0,263980.0,1.9668,-12.442,169,9,118.22,646
17760533,2503,1748,38.0139762,-122.757293,66.355,117.79,12867.0,269750.0,1.9668,-12.442,169,9,118.07,646
17767627,2504,1747,38.0139492,-122.757327,66.278,117.68,12863.0,270530.0,1.9668,-12.442,169,9,117.91,646
17774721,2505,1746,38.0139223,-122.757361,66.2,117.68,12859.0,271520.0,1.9668,-12.442,169,9,117.76,646
17774720,2505,1745,38.0139223,-122.757396,66.145,117.64,12856.0,272020.0,1.9668,-12.442,169,9,117.65,646
17781814,2506,1744,38.0138954,-122.75743,66.068,117.59,12852.0,272170.0,1.9668,-12.442,169,9,117.5,646
17781813,2506,1743,38.0138954,-122.757464,66.013,117.48,12849.0,272210.0,1.9668,-12.442,169,9,117.39,646
17788907,2507,1742,38.0138685,-122.757498,65.936,117.24,12844.0,272840.0,1.9668,-12.442,169,9,117.24,646
17788906,2507,1741,38.0138685,-122.757533,65.881,117.07,12841.0,273080.0,1.9668,-12.442,169,9,117.13,646
17796000,2508,1740,38.0138416,-122.757567,65.804,116.94,12837.0,275840.0,1.9668,-12.442,169,9,116.98,646
17795999,2508,1739,38.0138416,-122.757601,65.75,116.89,12834.0,275880.0,1.9668,-12.442,169,9,116.87,646
17795998,2508,1738,38.0138417,-122.757635,65.695,116.89,12831.0,276830.0,1.9668,-12.442,169,9,116.77,646
17803092,2509,1737,38.0138147,-122.757669,65.618,116.89,12827.0,277180.0,1.9668,-12.442,169,9,116.62,646
17810186,2510,1736,38.0137878,-122.757704,65.541,116.89,12823.0,278500.0,1.9668,-12.442,169,9,116.46,646
17817280,2511,1735,38.0137608,-122.757738,65.465,116.89,12818.0,278710.0,1.9668,-12.442,169,9,116.31,646
17824374,2512,1734,38.0137338,-122.757772,65.388,116.69,12814.0,278880.0,1.9668,-12.442,169,9,116.16,646
17824373,2512,1733,38.0137339,-122.757806,65.333,116.07,12811.0,278960.0,1.9668,-12.442,169,9,116.06,646
17831467,2513,1732,38.0137069,-122.757841,65.257,115.64,12807.0,280010.0,1.9668,-12.442,169,9,115.9,647
17838562,2514,1732,38.0136799,-122.757841,65.203,115.59,12804.0,280410.0,1.9668,-12.442,169,9,115.8,647
17845656,2515,1731,38.0136529,-122.757875,65.126,115.59,12800.0,280650.0,1.9668,-12.442,169,9,115.65,647
17852750,2516,1730,38.013626,-122.757909,65.049,115.49,12795.0,280830.0,1.9668,-12.442,169,9,115.5,647
17852749,2516,1729,38.013626,-122.757943,64.995,115.19,12792.0,281910.0,1.9668,-12.442,169,9,115.39,647
17852748,2516,1728,38.0136261,-122.757978,64.941,115.11,12789.0,282000.0,1.9668,-12.442,169,9,115.28,647
17852747,2516,1727,38.0136262,-122.758012,64.887,114.98,12786.0,282090.0,1.9668,-12.442,169,9,115.18,647
17859841,2517,1726,38.0135992,-122.758046,64.811,114.87,12782.0,287520.0,1.9668,-12.442,169,9,115.03,647
17866935,2518,1725,38.0135722,-122.75808,64.734,114.67,12778.0,288740.0,1.9668,-12.442,169,9,114.88,647
17874029,2519,1724,38.0135453,-122.758115,64.659,114.62,12774.0,288850.0,1.9668,-12.442,169,9,114.73,647
17881123,2520,1723,38.0135183,-122.758149,64.583,114.49,12769.0,289130.0,1.9668,-12.442,169,9,114.58,647
17881122,2520,1722,38.0135184,-122.758183,64.529,114.49,12766.0,289150.0,2.5909,-52.433,169,9,114.75,648
17888216,2521,1721,38.0134914,-122.758217,64.453,114.49,12762.0,314940.0,2.5909,-52.433,169,9,114.56,648
17895310,2522,1720,38.0134644,-122.758252,64.379,114.49,12758.0,314960.0,2.5909,-52.433,169,9,114.37,648
17895309,2522,1719,38.0134645,-122.758286,64.327,114.09,12755.0,315700.0,2.5909,-52.433,169,9,114.23,648
17888213,2521,1718,38.0134916,-122.75832,64.253,113.79,12751.0,316210.0,2.5909,-52.433,169,9,114.04,648
17888212,2521,1717,38.0134917,-122.758354,64.201,113.68,12748.0,317060.0,2.5909,-52.433,169,9,113.91,648
17888211,2521,1716,38.0134918,-122.758388,64.149,113.63,12745.0,317160.0,2.5909,-52.433,169,9,113.77,648
17888210,2521,1715,38.0134918,-122.758422,64.097,113.45,12742.0,317320.0,2.5909,-52.433,169,9,113.64,648
17888209,2521,1714,38.0134919,-122.758457,64.045,113.3,12739.0,317390.0,2.5909,-52.433,169,9,113.5,648
17895303,2522,1713,38.0134649,-122.758491,63.971,113.0,12734.0,317660.0,2.5909,-52.433,169,9,113.31,648
17902397,2523,1712,38.013438,-122.758525,63.898,112.91,12730.0,318130.0,2.5909,-52.433,169,9,113.12,648
17909492,2524,1712,38.0134109,-122.758525,63.846,112.76,12727.0,318820.0,2.5909,-52.433,169,9,112.98,648
17916586,2525,1711,38.013384,-122.758559,63.772,112.71,12723.0,319220.0,2.5909,-52.433,169,9,112.79,648
17923680,2526,1710,38.013357,-122.758594,63.699,112.71,12719.0,319800.0,2.5909,-52.433,169,9,112.6,648
17923679,2526,1709,38.0133571,-122.758628,63.647,112.71,12716.0,320010.0,2.5909,-52.433,169,9,112.47,648
17930773,2527,1708,38.0133301,-122.758662,63.573,112.71,12711.0,320420.0,2.5909,-52.433,169,9,112.28,648
17930772,2527,1707,38.0133302,-122.758696,63.521,112.7,12708.0,320430.0,2.5909,-52.433,169,9,112.14,648
17930771,2527,1706,38.0133302,-122.75873,63.469,112.22,12705.0,320760.0,2.5909,-52.433,169,9,112.01,648
17930770,2527,1705,38.0133303,-122.758765,63.418,111.95,12702.0,321040.0,2.5909,-52.433,169,9,111.88,648
17930769,2527,1704,38.0133304,-122.758799,63.366,111.58,12699.0,321300.0,2.5909,-52.433,169,9,111.74,648
17923673,2526,1703,38.0133575,-122.758833,63.292,111.45,12695.0,322260.0,2.5909,-52.433,169,9,111.55,648
17923672,2526,1702,38.0133575,-122.758867,63.24,111.26,12692.0,322490.0,2.5909,-52.433,169,9,111.42,648
17930767,2527,1702,38.0133305,-122.758867,63.189,111.21,12689.0,322510.0,2.5909,-52.433,169,9,111.28,648
17937862,2528,1702,38.0133035,-122.758867,63.137,111.15,12686.0,322530.0,2.5909,-52.433,169,9,111.15,648
17944956,2529,1701,38.0132765,-122.758902,63.064,110.95,12682.0,331610.0,2.5909,-52.433,169,9,110.96,648
17952051,2530,1701,38.0132495,-122.758902,63.012,110.72,12679.0,331830.0,2.5909,-52.433,169,9,110.82,648
17959146,2531,1701,38.0132224,-122.758902,62.961,110.69,12676.0,332180.0,2.5909,-52.433,169,9,110.69,648
17966240,2532,1700,38.0131955,-122.758936,62.888,110.32,12672.0,332560.0,2.5909,-52.433,169,9,110.5,648
17973334,2533,1699,38.0131685,-122.75897,62.816,110.12,12668.0,333450.0,2.5909,-52.433,169,9,110.32,648
17980428,2534,1698,38.0131415,-122.759004,62.743,110.12,12663.0,334030.0,2.5909,-52.433,169,9,110.13,649
17987523,2535,1698,38.0131145,-122.759005,62.692,109.89,12660.0,334300.0,2.5909,-52.433,169,9,110.0,649
17994617,2536,1697,38.0130875,-122.759039,62.62,109.89,12656.0,335020.0,2.5909,-52.433,169,9,109.81,649
18001711,2537,1696,38.0130605,-122.759073,62.547,109.89,12652.0,335050.0,2.5909,-52.433,169,9,109.62,649
18008805,2538,1695,38.0130336,-122.759107,62.475,109.78,12648.0,335640.0,2.5909,-52.433,169,9,109.43,649
18008804,2538,1694,38.0130336,-122.759142,62.424,109.39,12645.0,335800.0,2.5909,-52.433,169,9,109.3,649
18008803,2538,1693,38.0130337,-122.759176,62.373,109.18,12642.0,336200.0,2.5909,-52.433,169,9,109.17,649
18015897,2539,1692,38.0130067,-122.75921,62.3,109.04,12637.0,336600.0,2.5909,-52.433,169,9,108.98,649
18015896,2539,1691,38.0130068,-122.759244,62.249,108.79,12634.0,337790.0,2.5909,-52.433,169,9,108.85,649
18022990,2540,1690,38.0129799,-122.759278,62.177,108.63,12630.0,338260.0,2.5909,-52.433,169,9,108.66,649
18030085,2541,1690,38.0129528,-122.759279,62.126,108.42,12627.0,338590.0,2.5909,-52.433,169,9,108.53,649
18037179,2542,1689,38.0129258,-122.759313,62.054,108.26,12623.0,339250.0,2.5909,-52.433,169,9,108.34,649
18044274,2543,1689,38.0128988,-122.759313,62.003,108.17,12620.0,339340.0,2.5909,-52.433,169,9,108.21,649
18051368,2544,1688,38.0128718,-122.759347,61.931,108.12,12616.0,339740.0,2.5909,-52.433,169,9,108.02,649
18058462,2545,1687,38.0128449,-122.759381,61.859,107.97,12611.0,340010.0,2.5909,-52.433,169,9,107.84,649
18058461,2545,1686,38.0128449,-122.759416,61.808,107.78,12608.0,340400.0,2.5909,-52.433,169,9,107.7,649
18065555,2546,1685,38.012818,-122.75945,61.736,107.59,12604.0,340820.0,2.5909,-52.433,169,9,107.52,649
18072649,2547,1684,38.012791,-122.759484,61.664,107.59,12600.0,341210.0,2.5909,-52.433,169,9,107.33,649
18079743,2548,1683,38.012764,-122.759518,61.592,107.35,12596.0,341240.0,2.5909,-52.433,169,9,107.14,649
18086837,2549,1682,38.0127371,-122.759553,61.52,107.35,12591.0,342420.0,2.5909,-52.433,169,9,106.96,649
18093931,2550,1681,38.0127101,-122.759587,61.448,106.95,12587.0,343000.0,2.5909,-52.433,169,9,106.77,649
18101026,2551,1681,38.0126831,-122.759587,61.397,106.71,12584.0,343120.0,2.5909,-52.433,169,9,106.64,649
18108121,2552,1681,38.012656,-122.759587,61.346,106.52,12581.0,343680.0,2.5909,-52.433,169,9,106.51,649
18115215,2553,1680,38.0126291,-122.759621,61.275,106.19,12577.0,343880.0,2.5909,-52.433,169,9,106.32,649
18122309,2554,1679,38.0126021,-122.759656,61.203,106.0,12573.0,344200.0,2.5909,-52.433,169,9,106.14,649
18122308,2554,1678,38.0126022,-122.75969,61.152,105.92,12570.0,344780.0,2.5909,-52.433,169,9,106.01,649
18129402,2555,1677,38.0125752,-122.759724,61.08,105.72,12565.0,344820.0,2.5909,-52.433,169,9,105.82,649
18129401,2555,1676,38.0125753,-122.759758,61.03,105.54,12562.0,345650.0,2.5909,-52.433,169,9,105.69,650
18136495,2556,1675,38.0125483,-122.759792,60.958,105.43,12558.0,345740.0,2.5909,-52.433,169,9,105.5,650
18136494,2556,1674,38.0125484,-122.759827,60.907,105.14,12555.0,347200.0,2.5909,-52.433,169,9,105.37,650
18143588,2557,1673,38.0125214,-122.759861,60.836,105.14,12551.0,347760.0,2.5909,-52.433,169,9,105.19,650
18150683,2558,1673,38.0124943,-122.759861,60.785,105.03,12548.0,347780.0,2.5909,-52.433,169,9,105.06,650
18157778,2559,1673,38.0124673,-122.759861,60.735,104.86,12545.0,347790.0,2.5909,-52.433,169,9,104.92,650
18164873,2560,1673,38.0124403,-122.759861,60.684,104.61,12542.0,349320.0,2.5909,-52.433,169,9,104.79,650
18171969,2561,1674,38.0124132,-122.759827,60.613,104.4,12538.0,349880.0,2.5909,-52.433,169,9,104.61,650
18179064,2562,1674,38.0123861,-122.759827,60.562,104.39,12535.0,368450.0,2.5909,-52.433,169,9,104.48,650
16675295,2350,2045,38.0180917,-122.747129,98.143,240.77,14021.0,81.0,4.717,-218.92,170,9,244.02,651
16675294,2350,2044,38.0180918,-122.747163,97.407,240.19,14018.0,5598.0,4.717,-218.92,170,9,240.55,651
16675293,2350,2043,38.0180918,-122.747197,97.218,239.53,14015.0,6057.0,4.717,-218.92,170,9,239.66,651
16675292,2350,2042,38.0180919,-122.747231,97.033,238.87,14012.0,6255.0,4.717,-218.92,170,9,238.79,651
16675291,2350,2041,38.018092,-122.747265,96.85,238.25,14009.0,6516.0,4.717,-218.92,170,9,237.93,651
16675290,2350,2040,38.018092,-122.747299,96.669,237.61,14006.0,6687.0,4.717,-218.92,170,9,237.07,651
16682384,2351,2039,38.0180651,-122.747334,96.416,236.62,14002.0,7164.0,4.717,-218.92,170,9,235.88,651
16682383,2351,2038,38.0180652,-122.747368,96.241,235.91,13999.0,7245.0,4.717,-218.92,170,9,235.05,651
16682382,2351,2037,38.0180652,-122.747402,96.066,235.32,13996.0,7254.0,4.717,-218.92,170,9,234.23,651
16682381,2351,2036,38.0180653,-122.747436,95.892,234.83,13993.0,7263.0,4.717,-218.92,170,9,233.41,651
16682380,2351,2035,38.0180654,-122.74747,95.718,233.85,13990.0,7272.0,4.717,-218.92,170,9,232.58,651
16682379,2351,2034,38.0180654,-122.747505,95.543,233.12,13987.0,7281.0,4.717,-218.92,170,9,231.76,651
16682378,2351,2033,38.0180655,-122.747539,95.369,232.29,13984.0,7605.0,4.717,-218.92,170,9,230.94,651
16682377,2351,2032,38.0180656,-122.747573,95.197,231.36,13981.0,7614.0,4.717,-218.92,170,9,230.13,651
16682376,2351,2031,38.0180657,-122.747607,95.025,230.43,13978.0,7623.0,4.717,-218.92,170,9,229.32,651
16682375,2351,2030,38.0180657,-122.747641,94.854,229.56,13975.0,7947.0,4.717,-218.92,170,9,228.51,651
16682374,2351,2029,38.0180658,-122.747675,94.684,228.67,13972.0,8010.0,4.717,-218.92,170,9,227.71,651
16682373,2351,2028,38.0180659,-122.74771,94.515,227.63,13969.0,8046.0,4.717,-218.92,170,9,226.91,651
16682372,2351,2027,38.018066,-122.747744,94.346,226.75,13966.0,8136.0,4.717,-218.92,170,9,226.12,651
16682371,2351,2026,38.018066,-122.747778,94.178,225.62,13963.0,8181.0,4.717,-218.92,170,9,225.32,651
16675275,2350,2025,38.0180931,-122.747812,93.941,223.97,13959.0,8694.0,4.717,-218.92,170,9,224.2,651
16668179,2349,2024,38.0181203,-122.747846,93.708,222.17,13955.0,9855.0,4.717,-218.92,170,9,223.1,651
16944828,2388,1968,38.0170699,-122.749764,87.415,182.84,13728.0,18.0,4.2573,-188.13,171,9,184.03,652
16951923,2389,1968,38.0170428,-122.749764,86.226,181.43,13725.0,7200.0,4.2573,-188.13,171,9,178.96,652
16959017,2390,1967,38.0170158,-122.749798,85.978,179.54,13720.0,7209.0,4.2573,-188.13,171,9,177.91,652
16966112,2391,1967,38.0169888,-122.749798,85.803,178.09,13717.0,7218.0,4.2573,-188.13,171,9,177.17,652
17789008,2507,1843,38.0138613,-122.754047,79.627,156.83,13261.0,4671.0,3.3211,-106.65,172,9,157.8,653
17789007,2507,1842,38.0138614,-122.754081,79.426,156.26,13258.0,4743.0,3.3211,-106.65,172,9,157.13,653
17789006,2507,1841,38.0138614,-122.754115,79.226,155.73,13255.0,4932.0,3.3211,-106.65,172,9,156.47,653
17781910,2506,1840,38.0138886,-122.754149,78.947,154.92,13251.0,5319.0,3.3211,-106.65,172,9,155.54,653
17781909,2506,1839,38.0138886,-122.754183,78.754,154.32,13248.0,5517.0,3.3211,-106.65,172,9,154.9,653
17774813,2505,1838,38.0139157,-122.754217,78.485,153.55,13243.0,10008.0,3.3211,-106.65,172,9,154.01,653
17774812,2505,1837,38.0139158,-122.754252,78.327,152.94,13240.0,10296.0,3.3211,-106.65,172,9,153.48,653
17774811,2505,1836,38.0139159,-122.754286,78.171,152.38,13237.0,10404.0,3.3211,-106.65,172,9,152.97,653
17774810,2505,1835,38.0139159,-122.75432,78.016,151.95,13234.0,10512.0,3.3211,-106.65,172,9,152.45,653
17767714,2504,1834,38.0139431,-122.754354,77.797,151.22,13230.0,11637.0,3.3211,-106.65,172,9,151.72,653
17767713,2504,1833,38.0139431,-122.754388,77.647,150.75,13227.0,12447.0,3.3211,-106.65,172,9,151.22,653
17767712,2504,1832,38.0139432,-122.754422,77.5,150.41,13224.0,12465.0,3.3211,-106.65,172,9,150.74,653
17760616,2503,1831,38.0139703,-122.754456,77.292,149.94,13220.0,13302.0,3.3211,-106.65,172,9,150.05,653
17760615,2503,1830,38.0139704,-122.754491,77.149,149.48,13217.0,13446.0,3.3211,-106.65,172,9,149.57,653
17760614,2503,1829,38.0139705,-122.754525,77.005,149.07,13214.0,13671.0,3.3211,-106.65,172,9,149.09,653
17753518,2502,1828,38.0139976,-122.754559,76.804,148.48,13210.0,14202.0,3.3211,-106.65,172,9,148.43,653
17753517,2502,1827,38.0139976,-122.754593,76.663,148.17,13207.0,14409.0,3.3211,-106.65,172,9,147.96,653
17746421,2501,1826,38.0140247,-122.754627,76.465,147.64,13202.0,14751.0,3.3211,-106.65,172,9,147.3,653
17746420,2501,1825,38.0140248,-122.754661,76.326,147.27,13199.0,14994.0,3.3211,-106.65,172,9,146.84,653
17739324,2500,1824,38.0140519,-122.754695,76.131,146.68,13195.0,15426.0,3.3211,-106.65,172,9,146.19,653
17732228,2499,1823,38.014079,-122.754729,75.937,146.03,13191.0,15687.0,3.3211,-106.65,172,9,145.55,653
17732227,2499,1822,38.0140791,-122.754764,75.8,145.56,13188.0,15975.0,3.3211,-106.65,172,9,145.09,653
17725131,2498,1821,38.0141062,-122.754798,75.609,144.95,13184.0,16101.0,3.3211,-106.65,172,9,144.46,653
17725130,2498,1820,38.0141063,-122.754832,75.474,144.53,13181.0,16308.0,3.3211,-106.65,172,9,144.01,653
17718034,2497,1819,38.0141334,-122.754866,75.283,143.9,13176.0,16758.0,3.3211,-106.65,172,9,143.37,653
17710938,2496,1818,38.0141605,-122.7549,75.094,143.27,13172.0,16875.0,3.3211,-106.65,172,9,142.75,653
17703842,2495,1817,38.0141876,-122.754934,74.906,142.55,13168.0,18261.0,3.3211,-106.65,172,9,142.12,653
17696746,2494,1816,38.0142147,-122.754968,74.722,142.02,13164.0,18423.0,3.3211,-106.65,172,9,141.51,653
17689650,2493,1815,38.0142418,-122.755002,74.539,141.56,13159.0,18612.0,3.3211,-106.65,172,9,140.9,654
17682554,2492,1814,38.0142689,-122.755036,74.357,140.94,13155.0,18711.0,3.3211,-106.65,172,9,140.3,654
17675458,2491,1813,38.0142961,-122.75507,74.175,140.37,13151.0,18720.0,3.3211,-106.65,172,9,139.69,654
17668362,2490,1812,38.0143232,-122.755105,73.992,139.82,13147.0,18729.0,3.3211,-106.65,172,9,139.09,654
17661266,2489,1811,38.0143503,-122.755139,73.81,139.25,13142.0,18738.0,3.3211,-106.65,172,9,138.48,654
17654170,2488,1810,38.0143774,-122.755173,73.628,138.65,13138.0,18747.0,3.3211,-106.65,172,9,137.88,654
17647074,2487,1809,38.0144045,-122.755207,73.446,138.08,13134.0,18756.0,3.3211,-106.65,172,9,137.27,654
17639978,2486,1808,38.0144316,-122.755241,73.264,137.46,13130.0,18765.0,3.3211,-106.65,172,9,136.67,654
17632882,2485,1807,38.0144587,-122.755275,73.082,136.82,13125.0,18774.0,3.3211,-106.65,172,9,136.06,654
17625786,2484,1806,38.0144858,-122.755309,72.9,136.07,13121.0,21708.0,3.3211,-106.65,172,9,135.46,654
17618690,2483,1805,38.0145129,-122.755343,72.726,135.4,13117.0,21717.0,3.3211,-106.65,172,9,134.88,654
17611594,2482,1804,38.01454,-122.755377,72.552,134.67,13113.0,21726.0,3.3211,-106.65,172,9,134.31,654
17604498,2481,1803,38.0145671,-122.755411,72.379,133.99,13108.0,21735.0,3.3211,-106.65,172,9,133.73,654
17597402,2480,1802,38.0145943,-122.755445,72.205,133.3,13104.0,21744.0,3.3211,-106.65,172,9,133.15,654
17590306,2479,1801,38.0146214,-122.755479,72.031,132.61,13100.0,21753.0,3.3211,-106.65,172,9,132.58,654
17583210,2478,1800,38.0146485,-122.755514,71.858,132.09,13096.0,21762.0,3.3211,-106.65,172,9,132.0,654
17583209,2478,1799,38.0146485,-122.755548,71.735,131.64,13093.0,22023.0,3.3211,-106.65,172,9,131.59,654
17576113,2477,1798,38.0146757,-122.755582,71.562,131.07,13088.0,22032.0,3.3211,-106.65,172,9,131.02,654
17569017,2476,1797,38.0147028,-122.755616,71.389,130.54,13084.0,22041.0,3.3211,-106.65,172,9,130.44,654
17569016,2476,1796,38.0147028,-122.75565,71.267,130.08,13081.0,22374.0,3.3211,-106.65,172,9,130.04,654
17569015,2476,1795,38.0147029,-122.755684,71.145,129.68,13078.0,22887.0,3.3211,-106.65,172,9,129.63,654
17561919,2475,1794,38.01473,-122.755718,70.974,129.11,13074.0,22896.0,3.3211,-106.65,172,9,129.06,654
17554823,2474,1793,38.0147571,-122.755752,70.804,128.5,13070.0,23274.0,3.3211,-106.65,172,9,128.5,654
17554822,2474,1792,38.0147572,-122.755787,70.683,128.05,13067.0,23841.0,3.3211,-106.65,172,9,128.1,654
17554821,2474,1791,38.0147573,-122.755821,70.564,127.61,13064.0,24039.0,3.3211,-106.65,172,9,127.7,654
17547725,2473,1790,38.0147844,-122.755855,70.396,126.88,13060.0,24957.0,3.3211,-106.65,172,9,127.14,654
17540629,2472,1789,38.0148115,-122.755889,70.23,126.15,13055.0,25029.0,3.3211,-106.65,172,9,126.59,655
17540628,2472,1788,38.0148116,-122.755923,70.113,125.65,13052.0,25668.0,3.3211,-106.65,172,9,126.2,655
17533532,2471,1787,38.0148387,-122.755957,69.948,125.11,13048.0,26370.0,3.3211,-106.65,172,9,125.66,655
17533531,2471,1786,38.0148387,-122.755991,69.832,124.51,13045.0,26496.0,3.3211,-106.65,172,9,125.27,655
17526435,2470,1785,38.0148658,-122.756026,69.669,123.94,13041.0,27054.0,3.3211,-106.65,172,9,124.73,655
18015969,2539,1764,38.0130017,-122.756749,72.997,136.03,12915.0,342.0,2.9609,-76.016,173,9,140.12,656
18015968,2539,1763,38.0130018,-122.756784,72.533,135.64,12912.0,351.0,2.9609,-76.016,173,9,138.75,656
18015967,2539,1762,38.0130018,-122.756818,72.073,135.26,12909.0,360.0,2.9609,-76.016,173,9,137.39,656
18015966,2539,1761,38.0130019,-122.756852,71.617,134.81,12906.0,369.0,2.9609,-76.016,173,9,136.04,656
18015965,2539,1760,38.013002,-122.756886,71.164,134.36,12903.0,378.0,2.9609,-76.016,173,9,134.7,656
18015964,2539,1759,38.013002,-122.75692,70.715,133.78,12900.0,6012.0,2.9609,-76.016,173,9,133.37,656
18015963,2539,1758,38.0130021,-122.756954,70.53,132.98,12897.0,6246.0,2.9609,-76.016,173,9,132.82,656
18015962,2539,1757,38.0130022,-122.756989,70.347,132.45,12894.0,6741.0,2.9609,-76.016,173,9,132.28,656
18015961,2539,1756,38.0130022,-122.757023,70.168,132.14,12891.0,6966.0,2.9609,-76.016,173,9,131.75,656
18008865,2538,1755,38.0130294,-122.757057,69.918,131.72,12887.0,11367.0,2.9609,-76.016,173,9,131.01,656
18008864,2538,1754,38.0130294,-122.757091,69.767,131.5,12884.0,12114.0,2.9609,-76.016,173,9,130.56,656
18008863,2538,1753,38.0130295,-122.757125,69.619,131.19,12881.0,12762.0,2.9609,-76.016,173,9,130.12,656
18001767,2537,1752,38.0130566,-122.757159,69.413,130.75,12877.0,13113.0,2.9609,-76.016,173,9,129.51,656
18001766,2537,1751,38.0130567,-122.757193,69.269,130.38,12874.0,13131.0,2.9609,-76.016,173,9,129.08,656
18001765,2537,1750,38.0130568,-122.757228,69.125,130.0,12871.0,13158.0,2.9609,-76.016,173,9,128.66,656
18001764,2537,1749,38.0130568,-122.757262,68.98,129.54,12868.0,13194.0,2.9609,-76.016,173,9,128.23,656
18001763,2537,1748,38.0130569,-122.757296,68.836,128.98,12865.0,13329.0,2.9609,-76.016,173,9,127.8,656
18001762,2537,1747,38.013057,-122.75733,68.693,128.45,12862.0,13392.0,2.9609,-76.016,173,9,127.38,656
17994666,2536,1746,38.0130841,-122.757364,68.49,127.75,12858.0,13887.0,2.9609,-76.016,173,9,126.78,656
17994665,2536,1745,38.0130841,-122.757398,68.348,127.21,12855.0,14058.0,2.9609,-76.016,173,9,126.36,656
17994664,2536,1744,38.0130842,-122.757433,68.207,126.64,12852.0,14148.0,2.9609,-76.016,173,9,125.94,656
17994663,2536,1743,38.0130843,-122.757467,68.066,126.11,12849.0,14895.0,2.9609,-76.016,173,9,125.52,656
17994662,2536,1742,38.0130844,-122.757501,67.928,125.73,12846.0,14994.0,2.9609,-76.016,173,9,125.11,656
17987566,2535,1741,38.0131115,-122.757535,67.732,125.16,12841.0,15246.0,2.9609,-76.016,173,9,124.53,656
17987565,2535,1740,38.0131115,-122.757569,67.594,124.62,12838.0,15309.0,2.9609,-76.016,173,9,124.13,656
17987564,2535,1739,38.0131116,-122.757603,67.457,124.14,12835.0,15453.0,2.9609,-76.016,173,9,123.72,656
17987563,2535,1738,38.0131117,-122.757638,67.32,123.69,12832.0,15498.0,2.9609,-76.016,173,9,123.31,656
17980467,2534,1737,38.0131388,-122.757672,67.127,122.97,12828.0,15822.0,2.9609,-76.016,173,9,122.74,656
17980466,2534,1736,38.0131389,-122.757706,66.991,122.46,12825.0,17667.0,2.9609,-76.016,173,9,122.34,656
17973370,2533,1735,38.013166,-122.75774,66.805,121.95,12821.0,17766.0,2.9609,-76.016,173,9,121.79,656
17973369,2533,1734,38.013166,-122.757774,66.674,121.51,12818.0,17910.0,2.9609,-76.016,173,9,121.4,656
17966273,2532,1733,38.0131931,-122.757808,66.489,120.96,12814.0,22446.0,2.9609,-76.016,173,9,120.85,657
17959177,2531,1732,38.0132202,-122.757842,66.317,120.49,12809.0,22689.0,2.9609,-76.016,173,9,120.34,657
17952081,2530,1731,38.0132474,-122.757876,66.146,119.85,12805.0,23013.0,2.9609,-76.016,173,9,119.84,657
17944985,2529,1730,38.0132745,-122.75791,65.975,119.27,12801.0,23490.0,2.9609,-76.016,173,9,119.33,657
17937889,2528,1729,38.0133016,-122.757945,65.806,118.7,12797.0,23733.0,2.9609,-76.016,173,9,118.83,657
17930793,2527,1728,38.0133287,-122.757979,65.637,118.14,12792.0,24246.0,2.9609,-76.016,173,9,118.33,657
17923697,2526,1727,38.0133558,-122.758013,65.469,117.67,12788.0,24264.0,2.9609,-76.016,173,9,117.83,657
17916601,2525,1726,38.0133829,-122.758047,65.302,116.98,12784.0,24282.0,2.9609,-76.016,173,9,117.34,657
17909505,2524,1725,38.01341,-122.758081,65.134,115.93,12780.0,25191.0,2.9609,-76.016,173,9,116.84,657
17902409,2523,1724,38.0134371,-122.758115,64.969,115.45,12775.0,25209.0,2.9609,-76.016,173,9,116.35,657
17895314,2522,1724,38.0134642,-122.758115,64.851,115.09,12772.0,25434.0,2.9609,-76.016,173,9,116.0,657
17888218,2521,1723,38.0134913,-122.758149,64.686,114.63,12768.0,25461.0,2.9609,-76.016,173,9,115.52,657
17888217,2521,1722,38.0134913,-122.758183,64.569,114.49,12765.0,25749.0,2.9609,-76.016,173,9,115.17,657
17866908,2518,1698,38.0135741,-122.759003,65.546,117.72,12719.0,486.0,2.7894,-65.065,174,9,117.77,658
17874003,2519,1698,38.0135471,-122.759003,65.132,117.13,12716.0,4329.0,2.7894,-65.065,174,9,116.61,658
17881098,2520,1698,38.0135201,-122.759003,64.926,116.56,12713.0,4518.0,2.7894,-65.065,174,9,116.04,658
17888194,2521,1699,38.013493,-122.758969,64.639,115.7,12708.0,4833.0,2.7894,-65.065,174,9,115.24,658
17895289,2522,1699,38.0134659,-122.758969,64.44,114.86,12705.0,5094.0,2.7894,-65.065,174,9,114.68,658
17902385,2523,1700,38.0134388,-122.758935,64.164,113.78,12701.0,6183.0,2.7894,-65.065,174,9,113.91,658
17909480,2524,1700,38.0134118,-122.758935,63.98,112.92,12698.0,7101.0,2.7894,-65.065,174,9,113.4,658
17916576,2525,1701,38.0133847,-122.758901,63.732,111.74,12694.0,7326.0,2.7894,-65.065,174,9,112.71,658
17923671,2526,1701,38.0133576,-122.758901,63.558,111.28,12691.0,8559.0,2.7894,-65.065,174,9,112.22,658
17930766,2527,1701,38.0133306,-122.758901,63.393,111.22,12688.0,8712.0,2.7894,-65.065,174,9,111.76,658
17937861,2528,1701,38.0133035,-122.758901,63.228,111.16,12685.0,8730.0,2.7894,-65.065,174,9,111.3,658
18193279,2564,1699,38.0123303,-122.758973,65.103,122.75,12615.0,1413.0,4.3502,-158.66,175,9,124.55,659
18193278,2564,1698,38.0123304,-122.759007,64.808,122.19,12612.0,1422.0,4.3502,-158.66,175,9,123.27,659
18193277,2564,1697,38.0123304,-122.759041,64.514,121.56,12609.0,1431.0,4.3502,-158.66,175,9,121.99,659
18193276,2564,1696,38.0123305,-122.759076,64.221,120.86,12606.0,5580.0,4.3502,-158.66,175,9,120.72,659
18193275,2564,1695,38.0123306,-122.75911,64.031,120.07,12603.0,5697.0,4.3502,-158.66,175,9,119.89,659
18193274,2564,1694,38.0123306,-122.759144,63.843,119.36,12600.0,5814.0,4.3502,-158.66,175,9,119.07,659
18200368,2565,1693,38.0123037,-122.759178,63.578,118.54,12595.0,6939.0,4.3502,-158.66,175,9,117.92,659
18200367,2565,1692,38.0123038,-122.759212,63.401,117.93,12592.0,7209.0,4.3502,-158.66,175,9,117.15,659
18200366,2565,1691,38.0123038,-122.759246,63.226,117.22,12589.0,7344.0,4.3502,-158.66,175,9,116.39,659
18200365,2565,1690,38.0123039,-122.759281,63.052,116.43,12586.0,7470.0,4.3502,-158.66,175,9,115.63,659
18200364,2565,1689,38.012304,-122.759315,62.879,115.66,12583.0,7578.0,4.3502,-158.66,175,9,114.88,659
18200363,2565,1688,38.012304,-122.759349,62.707,114.9,12580.0,8289.0,4.3502,-158.66,175,9,114.13,659
18200362,2565,1687,38.0123041,-122.759383,62.54,114.02,12577.0,8325.0,4.3502,-158.66,175,9,113.4,659
18200361,2565,1686,38.0123042,-122.759417,62.373,113.08,12574.0,8352.0,4.3502,-158.66,175,9,112.68,659
18200360,2565,1685,38.0123042,-122.759452,62.206,112.14,12571.0,8433.0,4.3502,-158.66,175,9,111.95,659
18200359,2565,1684,38.0123043,-122.759486,62.04,111.13,12568.0,13005.0,4.3502,-158.66,175,9,111.23,659
18200358,2565,1683,38.0123044,-122.75952,61.895,110.41,12565.0,17568.0,4.3502,-158.66,175,9,110.6,659
18193262,2564,1682,38.0123315,-122.759554,61.709,110.2,12561.0,17604.0,4.3502,-158.66,175,9,109.79,659
18193261,2564,1681,38.0123316,-122.759588,61.578,109.18,12558.0,17838.0,4.3502,-158.66,175,9,109.22,659
18193260,2564,1680,38.0123316,-122.759622,61.447,108.7,12555.0,18189.0,4.3502,-158.66,175,9,108.65,659
18186164,2563,1679,38.0123587,-122.759656,61.263,107.59,12551.0,18279.0,4.3502,-158.66,175,9,107.85,659
18186163,2563,1678,38.0123588,-122.759691,61.133,107.02,12548.0,18378.0,4.3502,-158.66,175,9,107.29,659
18179067,2562,1677,38.0123859,-122.759725,60.95,105.85,12544.0,18423.0,4.3502,-158.66,175,9,106.49,659
18179066,2562,1676,38.012386,-122.759759,60.821,105.31,12541.0,18486.0,4.3502,-158.66,175,9,105.92,659
18179065,2562,1675,38.0123861,-122.759793,60.691,104.77,12538.0,18549.0,4.3502,-158.66,175,9,105.36,659
