X,Y,i,j,hilltop_id,Cht,S,R,Lh,BasinID,a,b,StreamID,HilltopSlope,DivergentCount,PlanarCountFlag,E_Star,R_Star,EucDist
522242,4174110.0,2290,2061,2,-0.00519226,0.101859,15.7014,154.149,7940,2320,2034,631,0.0347428,1,61,2.00095,0.127323,119.786
522246,4174110.0,2290,2062,2,-0.00514663,0.114868,13.362,116.324,7940,2317,2038,631,0.029587,1,49,1.49669,0.143586,107.373
522248,4174110.0,2290,2063,2,-0.00486199,0.114259,12.0658,105.6,7940,2316,2040,631,0.023895,0,48,1.28357,0.142824,102.746
522252,4174110.0,2290,2064,2,-0.00329552,0.112485,11.6798,103.834,7940,2316,2041,631,0.0192436,0,48,0.855464,0.140607,102.155
522254,4174110.0,2290,2065,2,-0.00358136,0.107538,11.2876,104.964,7940,2316,2042,631,0.0138457,0,48,0.939783,0.134422,102.112
522258,4174110.0,2290,2066,2,-0.00292694,0.0758984,9.75334,128.505,7940,2316,2045,631,0.0111079,0,54,0.940317,0.094873,100.062
522228,4174110.0,2291,2056,2,-0.00117487,0.104696,14.2165,135.788,7940,2319,2035,631,0.0624499,1,53,0.398835,0.13087,103.727
522230,4174110.0,2291,2057,2,-0.00562145,0.116579,13.7312,117.785,7940,2318,2036,631,0.0572722,1,48,1.6553,0.145724,100.859
522234,4174110.0,2291,2058,2,-0.00704664,0.116317,13.071,112.373,7940,2317,2037,631,0.0487308,1,47,1.97964,0.145396,99.5207
522236,4174110.0,2291,2059,2,-0.00459959,0.123128,13.0016,105.594,7940,2317,2038,631,0.0423944,1,45,1.21422,0.15391,98.8944
522240,4174110.0,2291,2060,2,-0.0040612,0.122408,12.1926,99.6064,7940,2316,2039,631,0.0391254,0,45,1.0113,0.15301,95.9711
522242,4174110.0,2291,2061,2,-0.00459561,0.121553,11.8562,97.5394,7940,2316,2040,631,0.0358848,0,45,1.12063,0.151942,95.9221
522246,4174110.0,2291,2062,2,-0.00358191,0.118305,11.503,97.2316,7940,2316,2041,631,0.0330607,0,45,0.870687,0.147881,96.0632
522210,4174120.0,2292,2050,2,-0.00144283,0.110154,13.8429,125.669,7940,2320,2034,631,0.0658071,1,48,0.453298,0.137692,95.8804
522212,4174120.0,2292,2051,2,-0.00296229,0.11848,12.5925,106.284,7940,2318,2036,631,0.0648189,1,41,0.787108,0.1481,89.4869
522216,4174120.0,2292,2052,2,-0.00443709,0.122084,12.7941,104.797,7940,2318,2036,631,0.0645495,1,40,1.16249,0.152605,90.4389
522218,4174120.0,2292,2053,2,-0.00474475,0.124131,12.9637,104.436,7940,2318,2036,631,0.0619454,1,41,1.2388,0.155164,91.3191
522222,4174120.0,2292,2054,2,-0.00230061,0.121804,12.3314,101.239,7940,2317,2037,631,0.0603226,1,40,0.58228,0.152255,90.1489
522224,4174120.0,2292,2055,2,-0.0015582,0.125581,12.497,99.5138,7940,2317,2037,631,0.0604884,1,41,0.387655,0.156976,90.5765
522228,4174120.0,2292,2056,2,-0.002832,0.12834,12.5071,97.453,7940,2317,2038,631,0.0601943,1,41,0.689967,0.160425,91.331
522230,4174120.0,2292,2057,2,-0.00527747,0.125833,11.7448,93.3364,7940,2316,2039,631,0.0573455,0,41,1.23145,0.157292,89.0275
522234,4174120.0,2292,2058,2,-0.00581381,0.12846,11.9018,92.6501,7940,2316,2039,631,0.0515558,0,42,1.34662,0.160574,89.7982
522200,4174120.0,2293,2047,2,-0.000788587,0.124951,11.7393,93.9511,7940,2318,2036,631,0.0708142,1,36,0.185221,0.156189,81.172
522192,4174120.0,2294,2044,2,-0.00301958,0.124958,11.7604,94.1146,7940,2319,2035,631,0.0715617,1,36,0.710467,0.156198,78.6011
522194,4174120.0,2294,2045,2,-0.00234848,0.133131,11.2691,84.6464,7940,2318,2036,631,0.0712387,1,33,0.496975,0.166414,75.8729
522180,4174120.0,2295,2040,2,-0.0107663,0.130676,11.6694,89.2996,7940,2320,2034,631,0.0749129,1,33,2.40356,0.163346,75.6068
522182,4174120.0,2295,2041,2,-0.00936671,0.135084,11.0996,82.1683,7940,2319,2035,631,0.0700527,1,30,1.92412,0.168855,72.7686
522186,4174120.0,2295,2042,2,-0.00411613,0.137072,10.605,77.3679,7940,2318,2036,631,0.0675948,1,29,0.796141,0.17134,70.2066
522188,4174120.0,2295,2043,2,-0.00204637,0.140941,10.7894,76.5525,7940,2318,2036,631,0.0667666,1,28,0.391638,0.176177,70.8429
522170,4174130.0,2296,2037,2,-0.00221081,0.132439,10.1645,76.7486,7940,2319,2035,631,0.0684458,1,29,0.424192,0.165548,68.6204
522174,4174130.0,2296,2038,2,-0.00437497,0.141919,10.3583,72.9871,7940,2319,2035,631,0.0798683,1,26,0.79829,0.177399,68.1315
522176,4174130.0,2296,2039,2,-0.00766782,0.146409,10.5894,72.3278,7940,2319,2035,631,0.0848199,1,25,1.38649,0.183011,68.3974
522180,4174130.0,2296,2040,2,-0.0125974,0.147123,10.1623,69.0736,7940,2318,2036,631,0.0855649,1,28,2.17538,0.183904,65.8063
522182,4174130.0,2296,2041,2,-0.0131824,0.14928,10.3419,69.2784,7940,2318,2036,631,0.0796202,1,25,2.28314,0.1866,66.244
522186,4174130.0,2296,2042,2,-0.00751759,0.150688,10.5371,69.9262,7940,2318,2036,631,0.0739157,1,28,1.31419,0.18836,66.7726
522188,4174130.0,2296,2043,2,-0.00638194,0.146002,9.87817,67.6577,7940,2317,2037,631,0.0705651,1,29,1.07947,0.182503,64.5174
522192,4174130.0,2296,2044,2,-0.00144428,0.146986,10.0633,68.4641,7940,2317,2037,631,0.0678444,1,26,0.247204,0.183732,65.3203
522162,4174130.0,2297,2034,2,-0.00687066,0.143567,10.3844,72.3317,7940,2320,2034,631,0.0532724,1,27,1.24242,0.179458,67.5145
522156,4174130.0,2298,2032,2,-0.00545683,0.150734,10.6225,70.4719,7940,2321,2033,631,0.0504846,0,27,0.961384,0.188417,67.6036
522158,4174130.0,2298,2033,2,-0.0052154,0.152416,10.1334,66.4848,7940,2320,2034,631,0.0565136,1,23,0.866863,0.19052,64.5759
522152,4174140.0,2299,2031,2,-0.000423271,0.157062,10.3799,66.0876,7940,2321,2033,631,0.0432282,0,25,0.0699324,0.196328,64.8567
522156,4174140.0,2299,2032,2,-0.00306049,0.158183,9.90919,62.6441,7940,2320,2034,631,0.0546011,1,23,0.479304,0.197728,61.7935
522146,4174140.0,2300,2029,2,-0.0132055,0.161971,10.9686,67.7193,7940,2322,2032,631,0.0173126,1,27,2.23566,0.202464,65.1589
522144,4174140.0,2301,2028,2,-0.0120199,0.167697,10.8179,64.5087,7940,2322,2032,631,0.0543066,1,25,1.93847,0.209621,62.5055
522146,4174140.0,2301,2029,2,-0.0219875,0.167815,10.2465,61.0582,7940,2321,2033,631,0.0421905,0,25,3.3563,0.209769,62.2176
522140,4174150.0,2302,2027,2,-0.00263287,0.172884,10.556,61.0583,7940,2322,2032,631,0.0511168,1,23,0.401897,0.216105,60.0395
522144,4174150.0,2302,2028,2,-0.00122769,0.175517,10.6236,60.5276,7940,2322,2032,631,0.066049,1,22,0.185773,0.219397,59.8838
522138,4174150.0,2303,2026,2,-0.00902061,0.179317,10.9893,61.2844,7940,2323,2031,631,0.0451252,0,24,1.38206,0.224146,60.6199
522140,4174150.0,2303,2027,2,-0.00708386,0.180951,10.4253,57.614,7940,2322,2032,631,0.0540856,1,22,1.02032,0.226188,57.2993
522132,4174150.0,2304,2024,2,-0.0136634,0.181383,13.8087,76.1299,7940,2327,2029,631,0.0387803,1,32,2.60047,0.226729,68.8569
522134,4174150.0,2304,2025,2,-0.00854494,0.181167,10.7975,59.5996,7940,2323,2031,631,0.0435978,0,24,1.27319,0.226459,60.603
522128,4174160.0,2305,2023,2,-0.0115645,0.188154,13.6398,72.4929,7940,2327,2029,631,0.0427684,1,30,2.09587,0.235192,70.0435
522132,4174160.0,2305,2024,2,-0.0109352,0.196978,12.702,64.4845,7940,2325,2031,631,0.0459912,2,24,1.76287,0.246222,63.5954
522134,4174160.0,2305,2025,2,-0.00565686,0.192489,10.6708,55.4358,7940,2323,2031,631,0.0531879,0,23,0.783983,0.240611,58.663
522126,4174160.0,2306,2022,2,-0.0153762,0.196317,14.5301,74.0134,7940,2328,2029,631,0.04876,2,30,2.84511,0.245397,70.8255
522128,4174160.0,2306,2023,2,-0.0117412,0.207648,13.0476,62.8353,7940,2326,2030,631,0.0518391,2,24,1.8444,0.25956,61.7999
522122,4174160.0,2307,2021,2,-0.00905083,0.191835,14.291,74.4962,7940,2328,2029,631,0.0534692,2,30,1.68563,0.239793,66.9547
522126,4174160.0,2307,2022,2,-0.0106113,0.209202,13.2947,63.5499,7940,2327,2029,631,0.0587067,1,25,1.68587,0.261502,62.3891
522260,4174160.0,2307,2067,1,-0.000310201,0.0687431,5.83981,84.9512,7940,2317,2045,631,0.0545403,0,33,0.0658799,0.0859289,74.4511
522120,4174160.0,2308,2020,2,-0.00518821,0.199608,14.3836,72.0593,7940,2329,2028,631,0.0451944,2,30,0.934647,0.24951,66.3119
522122,4174160.0,2308,2021,2,-0.00564943,0.212207,13.047,61.4825,7940,2327,2029,631,0.0524554,1,25,0.868353,0.265258,63.6168
522260,4174160.0,2308,2067,1,-0.000326095,0.0692559,5.68506,82.0878,7940,2317,2045,631,0.0493813,0,32,0.066921,0.0865698,73.2299
522116,4174170.0,2309,2019,2,-0.0065158,0.206876,14.2077,68.6773,7940,2329,2028,631,0.0385516,3,27,1.11872,0.258595,64.521
522120,4174170.0,2309,2020,2,-0.00823535,0.222191,13.9543,62.8033,7940,2328,2029,631,0.0451071,2,25,1.29302,0.277739,64.8578
522260,4174170.0,2309,2067,1,-0.00077233,0.069714,5.55328,79.6581,7940,2317,2045,631,0.0443803,0,31,0.153806,0.0871424,72.0965
522114,4174170.0,2310,2018,2,-0.00869161,0.215743,14.0799,65.2624,7940,2329,2028,631,0.0340175,3,25,1.41809,0.269678,62.9378
522116,4174170.0,2310,2019,2,-0.00724431,0.218441,13.7775,63.0721,7940,2328,2029,631,0.043872,2,25,1.14228,0.273051,61.7263
522260,4174170.0,2310,2067,1,-0.000113916,0.070186,5.42532,77.2992,7940,2317,2045,631,0.0385116,0,30,0.022014,0.0877326,71.0717
522108,4174170.0,2311,2016,2,-0.0069656,0.211334,15.1412,71.646,7940,2330,2028,631,0.0313213,3,29,1.24764,0.264167,67.1094
522110,4174170.0,2311,2017,2,-0.0116103,0.217013,13.9558,64.3088,7940,2329,2028,631,0.0376082,2,26,1.86661,0.271266,64.1714
522114,4174170.0,2311,2018,2,-0.0107669,0.227013,13.9885,61.6198,7940,2329,2028,631,0.0464864,3,24,1.65864,0.283767,60.6308
522260,4174170.0,2311,2067,1,-0.000432577,0.0709775,5.31378,74.8657,7940,2317,2045,631,0.0332485,0,29,0.080963,0.0887219,70.1695
522102,4174180.0,2312,2014,2,-0.00867143,0.213828,15.0448,70.3594,7940,2331,2027,631,0.0268877,3,30,1.52529,0.267286,67.03
522104,4174180.0,2312,2015,2,-0.00605959,0.219843,15.0413,68.4181,7940,2331,2027,631,0.0335781,3,27,1.03646,0.274804,66.7453
522108,4174180.0,2312,2016,2,-0.00717596,0.231217,15.0479,65.0814,7940,2330,2028,631,0.04307,2,27,1.16755,0.289021,66.0552
522260,4174180.0,2312,2067,1,-0.00122672,0.0719733,5.23123,72.6829,7940,2317,2045,631,0.0288375,0,28,0.222905,0.0899667,69.3832
522098,4174180.0,2313,2013,2,-0.00773412,0.213934,14.8924,69.6121,7940,2331,2027,631,0.0276484,2,29,1.34597,0.267418,69.5825
522102,4174180.0,2313,2014,2,-0.00525958,0.22537,14.8991,66.1095,7940,2331,2027,631,0.0358875,3,27,0.86927,0.281712,65.0476
522260,4174180.0,2313,2067,1,-0.00217189,0.0722062,5.14255,71.2204,7940,2317,2045,631,0.0251973,0,29,0.386707,0.0902577,68.7216
522098,4174180.0,2314,2013,2,-0.00282674,0.226583,14.789,65.2696,7940,2331,2027,631,0.0284753,2,28,0.461251,0.283228,67.7185
522260,4174180.0,2314,2067,1,-0.00465429,0.0722703,5.08835,70.4072,7940,2317,2045,631,0.0231397,0,28,0.819239,0.0903378,68.2063
522096,4174180.0,2315,2012,2,-0.00326312,0.232193,15.6507,67.4039,7940,2332,2027,631,0.0150906,2,29,0.549868,0.290241,69.4929
522098,4174180.0,2315,2013,2,-0.00277592,0.235581,14.7189,62.4792,7940,2331,2027,631,0.0279498,2,27,0.433592,0.294476,65.3433
522260,4174180.0,2315,2067,1,-0.00472656,0.0716648,5.04001,70.3275,7940,2317,2045,631,0.0199475,0,29,0.831019,0.089581,67.8086
522092,4174190.0,2316,2011,2,-0.00631359,0.231211,17.3089,74.8618,7940,2335,2026,631,0.0110247,3,30,1.18162,0.289014,72.8874
522096,4174190.0,2316,2012,2,-0.00683712,0.241456,15.6163,64.6757,7940,2332,2027,631,0.0183527,2,28,1.10549,0.301819,67.0988
522258,4174190.0,2316,2066,1,-0.00067878,0.0758077,4.93304,65.0731,7940,2317,2045,631,0.0243,0,25,0.110426,0.0947597,64.5991
522260,4174190.0,2316,2067,1,-0.00388854,0.0692188,4.97134,71.8208,7940,2317,2045,631,0.018673,0,30,0.698195,0.0865235,67.5673
522092,4174190.0,2317,2011,2,-0.00843834,0.240809,16.4554,68.334,7940,2334,2026,631,0.0143725,4,27,1.44156,0.301011,68.1378
522096,4174190.0,2317,2012,2,-0.0111558,0.258036,16.4902,63.9067,7940,2333,2027,631,0.031887,2,28,1.78232,0.322545,67.7421
522254,4174190.0,2317,2065,1,-0.00185655,0.0784254,4.81799,61.4341,7940,2317,2045,631,0.0293273,0,25,0.285139,0.0980317,61.5018
522258,4174190.0,2317,2066,1,-0.00305294,0.0747153,4.89917,65.5712,7940,2317,2045,631,0.0238352,0,26,0.500462,0.0933941,64.5005
522260,4174190.0,2317,2067,1,-0.00423923,0.122011,14.685,120.358,7940,2349,2046,651,0.019156,0,54,1.27557,0.152514,116.602
522090,4174190.0,2318,2010,2,-0.0105071,0.26207,19.4914,74.3746,7940,2338,2025,631,0.0160978,8,26,1.95365,0.327588,76.4304
522092,4174190.0,2318,2011,2,-0.0107706,0.255783,17.2336,67.376,7940,2335,2026,631,0.0317564,3,28,1.81419,0.319729,68.8379
522248,4174190.0,2318,2063,1,-9.7478e-05,0.0847389,4.59073,54.175,7940,2317,2045,631,0.0369978,0,20,0.0132022,0.105924,55.5523
522254,4174190.0,2318,2065,1,-0.0034854,0.0767723,4.78558,62.3348,7940,2317,2045,631,0.0318488,0,26,0.543153,0.0959654,61.5674
522258,4174190.0,2318,2066,1,-0.00566986,0.067717,4.85648,71.7172,7940,2317,2045,631,0.0243956,0,31,1.01657,0.0846462,64.6449
522260,4174190.0,2318,2067,1,-0.00443516,0.126362,14.6319,115.793,7940,2349,2046,651,0.0195419,0,51,1.2839,0.157953,113.434
522086,4174200.0,2319,2009,2,-0.0127659,0.28843,22.4842,77.9538,7940,2340,2024,632,0.0248055,7,28,2.48788,0.360538,78.0862
522090,4174200.0,2319,2010,2,-0.0142173,0.266935,19.4388,72.8223,7940,2338,2025,631,0.0363428,7,26,2.58834,0.333668,72.8276
522252,4174200.0,2319,2064,1,-0.000318783,0.076924,4.60457,59.8587,7940,2317,2045,631,0.0373397,0,24,0.0477047,0.096155,58.8189
522254,4174200.0,2319,2065,1,-0.00439195,0.0675315,4.73737,70.1504,7940,2317,2045,631,0.0336961,0,31,0.770243,0.0844144,61.9541
522084,4174200.0,2320,2008,2,-0.00857057,0.3033,25.2351,83.2017,7940,2343,2023,632,0.027659,12,25,1.78271,0.379125,83.0931
522086,4174200.0,2320,2009,2,-0.0088181,0.300444,22.3754,74.4744,7940,2340,2024,632,0.0408462,7,27,1.64181,0.375555,76.0027
522242,4174200.0,2320,2061,1,-0.00514198,0.090568,4.35854,48.1244,7940,2317,2045,631,0.0283288,0,18,0.618637,0.11321,50.2699
522246,4174200.0,2320,2062,1,-0.000781818,0.0854399,4.42361,51.7746,7940,2317,2045,631,0.0236919,0,21,0.101196,0.1068,53.2533
522080,4174200.0,2321,2007,2,-0.0108931,0.316141,30.7917,97.3986,7940,2350,2020,632,0.0298814,10,31,2.65244,0.395176,95.1635
522084,4174200.0,2321,2008,2,-0.00968344,0.315854,25.1135,79.5097,7940,2343,2023,632,0.0363224,12,24,1.92482,0.394818,81.0605
522236,4174200.0,2321,2059,1,-0.000730208,0.0972042,4.14989,42.6925,7940,2317,2045,631,0.0359045,0,17,0.077936,0.121505,45.1278
522240,4174200.0,2321,2060,1,-0.00309712,0.0924422,4.24181,45.8861,7940,2317,2045,631,0.0325662,0,18,0.355286,0.115553,48.0385
522242,4174200.0,2321,2061,1,-0.00609754,0.0879475,4.3643,49.624,7940,2317,2045,631,0.0261441,0,21,0.75646,0.109934,50.9978
522246,4174200.0,2321,2062,1,-0.0035703,0.0788854,4.41179,55.9266,7940,2317,2045,631,0.0208896,0,24,0.499187,0.0986068,54.1472
522078,4174210.0,2322,2006,2,-0.00849025,0.300899,45.2519,150.389,7940,2370,2003,633,0.0379775,14,46,3.1921,0.376124,142.768
522080,4174210.0,2322,2007,2,-0.00937638,0.332291,30.7139,92.431,7940,2350,2020,632,0.0357476,14,26,2.16667,0.415363,91.3883
522084,4174210.0,2322,2008,1,-0.00751849,0.321168,25.0076,77.8646,7940,2343,2023,632,0.0439668,13,22,1.46356,0.40146,77.6515
522234,4174210.0,2322,2058,1,-0.00484948,0.0994304,4.05475,40.7798,7940,2317,2045,631,0.0333708,0,17,0.494402,0.124288,43.3729
522236,4174210.0,2322,2059,1,-0.00340798,0.0942686,4.14409,43.9604,7940,2317,2045,631,0.028786,0,18,0.374541,0.117836,46.2129
522240,4174210.0,2322,2060,1,-0.000923714,0.0885576,4.20381,47.4698,7940,2317,2045,631,0.0281952,0,19,0.109621,0.110697,49.0959
522242,4174210.0,2322,2061,1,-0.00238232,0.0781484,4.27861,54.7498,7940,2317,2045,631,0.025794,0,24,0.326079,0.0976855,52.1693
522246,4174210.0,2322,2062,1,-0.00146658,0.140434,14.1081,100.46,7940,2349,2046,651,0.021668,0,44,0.368334,0.175543,95.9169
522072,4174210.0,2323,2004,2,-0.0110333,0.287818,66.3233,230.435,7940,2387,1969,652,0.0563145,44,58,6.35615,0.359773,217.095
522074,4174210.0,2323,2005,2,-0.0111978,0.300571,46.049,153.205,7940,2372,1997,633,0.0457665,5,55,4.28891,0.375714,149.66
522078,4174210.0,2323,2006,2,-0.0107934,0.31766,31.0223,97.6587,7940,2352,2018,632,0.0409524,13,27,2.63517,0.397075,94.9968
522080,4174210.0,2323,2007,1,-0.0092821,0.340383,30.5517,89.7568,7940,2350,2020,632,0.0469255,14,25,2.08283,0.425479,89.1436
522230,4174210.0,2323,2057,1,-0.00306726,0.0999331,3.92957,39.322,7940,2317,2045,631,0.0315858,0,17,0.301527,0.124916,42.14
522234,4174210.0,2323,2058,1,-0.0039387,0.0943414,4.032,42.7384,7940,2317,2045,631,0.0302985,0,18,0.420834,0.117927,44.8623
522236,4174210.0,2323,2059,1,-0.00289497,0.0858723,4.10684,47.825,7940,2317,2045,631,0.0279201,0,21,0.346129,0.10734,47.6567
522240,4174210.0,2323,2060,1,-0.000756195,0.0735665,4.03773,54.8855,7940,2318,2045,631,0.0254484,0,23,0.10376,0.0919582,48.4352
522066,4174210.0,2324,2002,2,-0.0134635,0.286466,65.8493,229.868,7940,2387,1969,652,0.0889544,39,60,7.73707,0.358082,211.622
522068,4174210.0,2324,2003,2,-0.0144448,0.302322,66.067,218.532,7940,2387,1969,652,0.0777658,43,55,7.89163,0.377902,213.027
522072,4174210.0,2324,2004,2,-0.0150581,0.305676,46.5027,152.131,7940,2373,1996,633,0.0660617,3,57,5.72701,0.382096,147.346
522080,4174210.0,2324,2007,1,-0.0142677,0.352461,30.4115,86.2834,7940,2350,2020,632,0.0669526,14,24,3.07767,0.440576,85.8665
522228,4174210.0,2324,2056,1,-0.00332301,0.100197,3.83528,38.2773,7940,2317,2045,631,0.0265574,0,17,0.31799,0.125247,41.1694
522230,4174210.0,2324,2057,1,-0.0013691,0.0932819,3.90747,41.8888,7940,2317,2045,631,0.028204,0,18,0.143375,0.116602,43.731
522234,4174210.0,2324,2058,1,-0.000889509,0.0804872,3.8465,47.7902,7940,2318,2045,631,0.0296738,0,20,0.106275,0.100609,43.7518
522236,4174210.0,2324,2059,1,-0.00169073,0.154159,13.821,89.6539,7940,2349,2046,651,0.029733,0,39,0.37895,0.192699,86.259
522060,4174220.0,2325,2000,2,-0.0129113,0.29358,65.1938,222.065,7940,2387,1969,652,0.10992,39,55,7.16785,0.366975,206.219
522062,4174220.0,2325,2001,2,-0.0115228,0.306075,65.4331,213.781,7940,2387,1969,652,0.101566,47,52,6.15838,0.382593,207.574
522066,4174220.0,2325,2002,2,-0.0111545,0.307749,65.6857,213.439,7940,2387,1969,652,0.0960596,45,51,5.95201,0.384687,208.966
522212,4174220.0,2325,2051,1,-0.0198671,0.198573,8.20836,41.3366,7940,2320,2038,631,0.0492145,0,17,2.0531,0.248217,42.9321
522216,4174220.0,2325,2052,1,-0.0230323,0.16694,6.92999,41.512,7940,2319,2040,631,0.028769,0,17,2.39029,0.208674,40.9961
522218,4174220.0,2325,2053,1,-0.00709347,0.108565,3.60001,33.1598,7940,2318,2045,631,0.0240369,0,14,0.588045,0.135707,32.282
522228,4174220.0,2325,2056,1,-0.00110187,0.0897777,3.67227,40.904,7940,2318,2045,631,0.0212819,0,17,0.112677,0.112222,39.6548
522230,4174220.0,2325,2057,1,-0.000919786,0.0761784,3.73128,48.9808,7940,2318,2045,631,0.0266935,0,20,0.11263,0.095223,42.2931
522234,4174220.0,2325,2058,1,-0.000355828,0.162802,13.6862,84.0664,7940,2349,2046,651,0.0306259,0,37,0.0747829,0.203502,82.1909
522054,4174220.0,2326,1998,2,-0.00943125,0.302127,64.3876,213.115,7940,2387,1969,652,0.119164,41,52,5.02484,0.377658,200.894
522056,4174220.0,2326,1999,2,-0.0135171,0.310266,64.7062,208.551,7940,2387,1969,652,0.118381,49,49,7.04751,0.387832,202.197
522060,4174220.0,2326,2000,2,-0.0159828,0.311637,65.0152,208.625,7940,2387,1969,652,0.115874,45,50,8.33605,0.389546,203.537
522210,4174220.0,2326,2050,1,-0.00623152,0.215449,8.85947,41.1209,7940,2321,2037,631,0.0589155,0,17,0.640614,0.269312,43.117
522212,4174220.0,2326,2051,1,-0.0114702,0.204838,9.03416,44.104,7940,2321,2037,631,0.0460467,0,18,1.2647,0.256047,46.0356
522216,4174220.0,2326,2052,1,-0.0185848,0.19482,9.17311,47.0851,7940,2321,2037,631,0.0267381,0,19,2.18767,0.243525,49.1428
522218,4174220.0,2326,2053,1,-0.0172257,0.183585,9.20656,50.1489,7940,2321,2037,631,0.00705031,0,20,2.15962,0.229481,52.0489
522222,4174220.0,2326,2054,1,-0.0056536,0.0951537,3.64169,38.2717,7940,2318,2045,631,0.00873578,0,16,0.540932,0.118942,36.3707
522044,4174220.0,2327,1995,2,-0.013207,0.297893,63.1887,212.119,7940,2387,1969,652,0.141033,23,64,7.00364,0.372366,195.053
522048,4174220.0,2327,1996,2,-0.0113259,0.307865,63.533,206.367,7940,2387,1969,652,0.13726,41,49,5.84321,0.384831,195.656
522050,4174220.0,2327,1997,2,-0.0148402,0.314572,63.9095,203.164,7940,2387,1969,652,0.135358,49,46,7.53745,0.393215,196.902
522206,4174220.0,2327,2049,1,-0.0106504,0.250853,10.8687,43.3268,7940,2323,2035,631,0.0575736,2,15,1.15361,0.313566,44.7524
522210,4174220.0,2327,2050,1,-0.0108434,0.238377,11.0382,46.3055,7940,2323,2035,631,0.0484087,2,16,1.25527,0.297971,47.8288
522212,4174220.0,2327,2051,1,-0.00639771,0.281743,21.5529,76.4986,7940,2339,2028,631,0.0459401,13,21,1.22354,0.352178,79.7069
522216,4174220.0,2327,2052,1,-0.00689441,0.202442,14.5278,71.7629,7940,2349,2044,651,0.0443348,0,29,1.23691,0.253053,68.3197
522218,4174220.0,2327,2053,1,-0.0169853,0.195857,14.148,72.2363,7940,2349,2045,651,0.032703,0,29,3.06739,0.244821,68.6067
522222,4174220.0,2327,2054,1,-0.0205924,0.186297,13.584,72.9158,7940,2349,2046,651,0.0174317,0,29,3.75378,0.232871,69.2609
522224,4174220.0,2327,2055,1,-0.00569506,0.181904,13.5275,74.3658,7940,2349,2046,651,0.00917911,0,30,1.05879,0.22738,69.7232
522038,4174220.0,2328,1993,2,-0.0148141,0.29861,62.1836,208.244,7940,2387,1969,652,0.165946,35,57,7.71233,0.373262,189.373
522042,4174220.0,2328,1994,2,-0.0204359,0.309451,62.6331,202.401,7940,2387,1969,652,0.154893,39,46,10.3406,0.386814,190.51
522044,4174220.0,2328,1995,2,-0.0126357,0.315834,62.965,199.361,7940,2387,1969,652,0.146927,44,44,6.29767,0.394792,191.695
522048,4174220.0,2328,1996,2,-0.00536479,0.319312,63.2454,198.068,7940,2387,1969,652,0.14701,49,44,2.65648,0.39914,192.921
522198,4174220.0,2328,2046,1,-0.0135319,0.318491,12.3649,38.8232,7940,2325,2033,631,0.0774525,5,10,1.31338,0.398114,41.4328
522200,4174220.0,2328,2047,1,-0.0109546,0.301814,12.5964,41.7356,7940,2325,2033,631,0.0654411,5,11,1.143,0.377268,44.4972
522204,4174220.0,2328,2048,1,-0.0106802,0.285569,12.7479,44.6404,7940,2325,2033,631,0.0589497,5,12,1.19192,0.356962,47.6693
522206,4174220.0,2328,2049,1,-0.00953405,0.300284,18.5754,61.8595,7940,2333,2029,631,0.0531297,9,15,1.47443,0.375355,62.996
522210,4174220.0,2328,2050,1,-0.0108037,0.231439,16.1073,69.5964,7940,2349,2041,651,0.0480357,2,27,1.87975,0.289299,67.5785
522212,4174220.0,2328,2051,1,-0.00577815,0.211249,14.3433,67.8979,7940,2349,2044,651,0.0466911,0,27,0.980812,0.264061,64.7263
522030,4174230.0,2329,1990,2,-0.013802,0.311553,81.7507,262.397,7940,2394,1941,636,0.18641,26,87,9.054,0.389442,242.128
522032,4174230.0,2329,1991,2,-0.0115842,0.303088,61.0023,201.27,7940,2387,1969,652,0.178072,32,55,5.82885,0.378859,184.392
522036,4174230.0,2329,1992,2,-0.0129561,0.311197,61.4767,197.549,7940,2387,1969,652,0.175955,39,45,6.39867,0.388997,185.464
522194,4174230.0,2329,2045,1,-0.0109067,0.35051,13.2811,37.8909,7940,2328,2032,631,0.0838669,5,8,1.03316,0.438138,40.591
522198,4174230.0,2329,2046,1,-0.00997533,0.333078,14.7469,44.2745,7940,2329,2031,631,0.0776689,7,9,1.10413,0.416348,46.5201
522200,4174230.0,2329,2047,1,-0.014541,0.324547,18.3373,56.5013,7940,2335,2029,631,0.0708223,11,12,2.05396,0.405684,58.0912
522204,4174230.0,2329,2048,1,-0.0126127,0.318694,29.0841,91.2603,7940,2349,2026,651,0.0644236,20,21,2.87759,0.398368,89.4559
522206,4174230.0,2329,2049,1,-0.0111184,0.245029,15.8723,64.7771,7940,2349,2041,651,0.0613694,3,24,1.80054,0.306286,63.0907
522210,4174230.0,2329,2050,1,-0.0112026,0.220113,14.1466,64.2695,7940,2349,2044,651,0.0591921,0,25,1.79996,0.275142,61.3316
522024,4174230.0,2330,1988,2,-0.000488115,0.303386,80.2689,264.577,7940,2394,1940,636,0.201825,13,100,0.32286,0.379232,237.9
522192,4174230.0,2330,2044,1,-0.0268035,0.381298,15.7379,41.2745,7940,2331,2030,631,0.121018,8,6,2.76575,0.476623,43.6098
522194,4174230.0,2330,2045,1,-0.012888,0.361255,17.6194,48.7726,7940,2334,2029,631,0.0911244,10,9,1.57146,0.451569,50.8342
522198,4174230.0,2330,2046,1,-0.00748326,0.370506,25.1131,67.7805,7940,2341,2026,632,0.07836,16,14,1.26805,0.463132,69.5216
522200,4174230.0,2330,2047,1,-0.00832165,0.308295,24.5156,79.52,7940,2350,2030,651,0.0801339,16,20,1.65434,0.385369,77.9126
522020,4174230.0,2331,1987,2,-0.00400179,0.341281,74.3161,217.756,7940,2393,1954,635,0.185802,22,72,2.17854,0.426601,209.366
522188,4174230.0,2331,2043,1,-0.00728009,0.404351,16.7318,41.3793,7940,2333,2029,631,0.161969,10,5,0.753113,0.505439,43.8698
522192,4174230.0,2331,2044,1,-0.0170435,0.382399,19.0415,49.7949,7940,2337,2028,631,0.13997,14,7,2.1217,0.477999,53.0643
522194,4174230.0,2331,2045,1,-0.0217833,0.390817,27.3912,70.0871,7940,2343,2025,632,0.113062,14,17,3.81683,0.488521,70.6118
522198,4174230.0,2331,2046,1,-0.0143381,0.321108,25.1047,78.1815,7940,2350,2029,651,0.0921966,18,17,2.80243,0.401386,76.3844
522014,4174240.0,2332,1985,2,-0.00592313,0.336957,78.3424,232.5,7940,2394,1941,636,0.191829,27,78,3.44282,0.421196,225.994
522018,4174240.0,2332,1986,2,-0.00658535,0.313423,57.5737,183.693,7940,2387,1969,652,0.190069,37,44,3.02421,0.391779,171.01
522186,4174240.0,2332,2042,1,-0.0173492,0.41958,16.2622,38.7583,7940,2335,2029,631,0.171157,11,4,1.68106,0.524475,41.4453
522188,4174240.0,2332,2043,1,-0.00422564,0.394318,18.8281,47.7485,7940,2338,2028,631,0.158391,12,8,0.504419,0.492898,49.4007
522192,4174240.0,2332,2044,1,-0.00706634,0.404669,27.6131,68.2363,7940,2345,2025,632,0.14981,21,10,1.20545,0.505836,70.8103
522194,4174240.0,2332,2045,1,-0.019415,0.346484,26.6902,77.0316,7940,2350,2027,651,0.132052,21,14,3.73892,0.433105,74.9267
522008,4174240.0,2333,1983,2,-0.00779787,0.334518,77.0126,230.22,7940,2394,1941,636,0.204505,29,73,4.48806,0.418147,220.121
522182,4174240.0,2333,2041,1,-0.0215362,0.433686,17.2918,39.8717,7940,2337,2028,631,0.204465,13,3,2.14671,0.542108,41.8795
522186,4174240.0,2333,2042,1,-0.0214354,0.43955,23.1565,52.6824,7940,2341,2026,632,0.17882,17,6,2.82316,0.549437,54.8277
522188,4174240.0,2333,2043,1,-0.0170336,0.411838,27.2328,66.1251,7940,2346,2025,632,0.161958,15,15,2.81588,0.514797,68.0687
522192,4174240.0,2333,2044,1,-0.0135763,0.367964,27.3263,74.2635,7940,2349,2026,651,0.156348,20,13,2.52055,0.459955,72.5228
522002,4174240.0,2334,1981,2,-0.01317,0.329166,75.6285,229.758,7940,2394,1941,636,0.209093,27,72,7.56481,0.411458,214.279
522006,4174240.0,2334,1982,2,-0.0115995,0.34777,75.9008,218.25,7940,2394,1942,636,0.207512,25,74,6.32898,0.434713,215.194
522180,4174240.0,2334,2040,1,-0.027753,0.453731,17.208,37.9255,7940,2339,2028,631,0.230092,12,4,2.63137,0.567164,40.1533
522182,4174240.0,2334,2041,1,-0.0207304,0.447516,22.7303,50.792,7940,2342,2026,632,0.20912,12,10,2.63234,0.559395,51.6614
522186,4174240.0,2334,2042,1,-0.0188886,0.421672,26.463,62.7574,7940,2346,2025,632,0.194324,13,15,2.9635,0.52709,63.1343
522188,4174240.0,2334,2043,1,-0.0203563,0.385523,26.6508,69.1289,7940,2349,2026,651,0.182348,18,13,3.51802,0.481903,68.8453
522000,4174240.0,2335,1980,2,-0.0124992,0.337626,74.7725,221.466,7940,2394,1941,636,0.232801,27,70,6.92038,0.422032,210.122
522002,4174240.0,2335,1981,2,-0.0186825,0.354095,68.7188,194.069,7940,2393,1955,635,0.23196,31,52,9.06421,0.442619,189.787
522176,4174240.0,2335,2039,1,-0.0579116,0.494937,20.8605,42.1478,7940,2341,2026,632,0.304684,13,5,6.10212,0.618672,43.9179
522180,4174240.0,2335,2040,1,-0.0364601,0.484182,24.6816,50.9759,7940,2344,2025,632,0.248833,13,10,4.64647,0.605227,54.5344
522182,4174240.0,2335,2041,1,-0.0233856,0.43793,25.5895,58.4329,7940,2346,2025,632,0.227148,13,13,3.41623,0.547412,59.0421
522186,4174240.0,2335,2042,1,-0.0205844,0.406458,25.7961,63.4656,7940,2349,2026,651,0.216526,17,12,3.266,0.508073,65.5109
522258,4174240.0,2335,2066,2,-0.00800051,0.170184,13.2972,78.1343,7940,2350,2046,651,0.0800418,0,34,1.56279,0.21273,75.543
521996,4174250.0,2336,1979,2,-0.0148388,0.339573,73.782,217.279,7940,2394,1941,636,0.252713,27,68,8.06038,0.424466,205.968
522000,4174250.0,2336,1980,2,-0.0103715,0.360232,68.9515,191.409,7940,2393,1954,635,0.259389,28,54,4.963,0.450289,186.236
522176,4174250.0,2336,2039,1,-0.0567309,0.498717,23.5402,47.2015,7940,2344,2025,632,0.359506,12,9,6.69446,0.623396,50.0818
522180,4174250.0,2336,2040,1,-0.0453907,0.457531,24.5468,53.6505,7940,2346,2025,632,0.306407,13,11,6.08809,0.571914,55.3273
522182,4174250.0,2336,2041,1,-0.0293525,0.435629,26.349,60.4849,7940,2348,2025,651,0.269685,13,14,4.43845,0.544536,60.8315
521994,4174250.0,2337,1978,2,-0.000940091,0.338454,72.6031,214.514,7940,2394,1941,636,0.240452,31,62,0.504157,0.423067,201.818
522180,4174250.0,2337,2040,1,-0.0350108,0.45682,25.0421,54.8183,7940,2348,2025,651,0.365566,13,12,4.79809,0.571025,57.7059
521990,4174250.0,2338,1977,2,-0.00572951,0.338812,71.6971,211.613,7940,2394,1941,636,0.221423,29,62,3.0311,0.423515,197.672
521994,4174250.0,2338,1978,2,-0.00147021,0.351976,72.1237,204.911,7940,2394,1941,636,0.224423,27,65,0.753153,0.43997,199.288
522252,4174250.0,2338,2064,2,-0.0464894,0.182804,12.4235,67.9606,7940,2350,2046,651,0.16255,0,31,7.89863,0.228506,65.3491
521988,4174260.0,2339,1976,2,-0.00700941,0.33907,70.6968,208.502,7940,2394,1941,636,0.221436,27,62,3.65369,0.423837,193.531
521990,4174260.0,2339,1977,2,-0.00679584,0.351684,71.166,202.358,7940,2394,1941,636,0.223665,28,62,3.43798,0.439604,195.145
521984,4174260.0,2340,1975,2,-0.0152937,0.338428,69.8263,206.325,7940,2394,1941,636,0.235201,27,60,7.8887,0.423035,189.393
521988,4174260.0,2340,1976,2,-0.0108982,0.351514,70.2318,199.798,7940,2394,1941,636,0.23408,28,60,5.4436,0.439392,191.001
521982,4174260.0,2341,1974,2,-0.0169235,0.326024,68.75,210.874,7940,2394,1940,636,0.262071,12,78,8.92182,0.40753,188.23
521984,4174260.0,2341,1975,2,-0.00947041,0.349751,69.2035,197.865,7940,2394,1941,636,0.260453,27,59,4.68466,0.437189,186.857
522246,4174260.0,2341,2062,2,-0.000675275,0.171364,9.90692,57.8121,7940,2350,2046,651,0.197953,0,28,0.0975977,0.214205,55.6821
521982,4174270.0,2342,1974,2,-0.00312316,0.347072,68.0367,196.03,7940,2394,1941,636,0.267893,30,54,1.53059,0.43384,182.717
522242,4174270.0,2342,2061,2,-0.00755663,0.172187,9.08415,52.7576,7940,2351,2046,651,0.197171,0,23,0.996673,0.215233,54.539
522240,4174270.0,2343,2060,2,-0.000386709,0.170687,8.24832,48.3242,7940,2350,2046,651,0.203299,0,20,0.0467185,0.213359,47.6944
522228,4174280.0,2347,2056,2,-0.000658112,0.158347,5.04814,31.8802,7940,2351,2046,651,0.169381,0,15,0.0524518,0.197934,34.271
522222,4174290.0,2349,2054,2,-0.00616112,0.163272,3.8605,23.6446,7940,2350,2046,651,0.132289,0,12,0.364192,0.20409,25.5441
521954,4174290.0,2350,1965,2,-0.00179793,0.327507,62.2712,190.137,7940,2397,1933,637,0.217392,22,62,0.854634,0.409384,168.518
522218,4174290.0,2350,2053,2,-0.00885237,0.163886,3.27881,20.0067,7940,2351,2046,651,0.114005,0,9,0.442766,0.204857,22.9456
521952,4174290.0,2351,1964,2,-0.00755004,0.351496,58.2244,165.647,7940,2394,1941,636,0.225487,16,49,3.12661,0.43937,144.471
522216,4174290.0,2351,2052,2,-0.0175921,0.174185,2.91829,16.7539,7940,2351,2046,651,0.103398,0,5,0.736841,0.217732,19.5083
522218,4174290.0,2351,2053,2,-0.015108,0.143373,3.78387,26.3919,7940,2351,2045,651,0.0927984,0,11,0.996821,0.179216,22.9398
521946,4174300.0,2352,1962,2,-0.00066059,0.357834,56.5839,158.129,7940,2394,1941,636,0.237684,19,45,0.261146,0.447293,138.946
522212,4174300.0,2352,2051,2,-0.020719,0.181876,2.53073,13.9146,7940,2351,2046,651,0.102119,0,5,0.720742,0.227345,16.9567
522216,4174300.0,2352,2052,2,-0.021268,0.152435,3.42754,22.4853,7940,2351,2045,651,0.0881074,0,9,1.19554,0.190544,20.1718
522210,4174300.0,2353,2050,2,-0.0125638,0.153592,2.16144,14.0726,7940,2351,2046,651,0.0885351,0,5,0.442012,0.19199,13.8393
522212,4174300.0,2353,2051,2,-0.0127986,0.143368,3.05002,21.274,7940,2351,2045,651,0.0805034,0,9,0.680692,0.17921,19.8637
521928,4174300.0,2354,1956,2,-0.00525867,0.368839,51.9582,140.87,7940,2394,1941,636,0.278804,18,38,1.85197,0.461048,127.038
522204,4174300.0,2354,2048,2,-0.0254339,0.240327,3.81277,15.8649,7940,2351,2043,651,0.0981343,3,4,1.00877,0.300409,15.8387
522206,4174300.0,2354,2049,2,-0.0168253,0.183392,3.21869,17.5509,7940,2351,2044,651,0.0636583,2,5,0.738245,0.22924,17.4095
522210,4174300.0,2354,2050,2,-0.0091083,0.184267,4.12769,22.4005,7940,2351,2043,651,0.0543107,3,6,0.510077,0.230334,21.3997
521922,4174300.0,2355,1954,2,-0.00826532,0.372019,50.1077,134.691,7940,2394,1941,636,0.27064,14,41,2.78317,0.465024,122.318
522198,4174300.0,2355,2046,2,-0.0258976,0.274946,5.37894,19.5636,7940,2352,2040,651,0.127966,4,4,1.26663,0.343683,20.9773
522200,4174300.0,2355,2047,2,-0.0309942,0.240184,5.0528,21.0372,7940,2351,2041,651,0.0892338,4,5,1.63008,0.30023,20.9118
522204,4174300.0,2355,2048,2,-0.0241504,0.22515,5.24673,23.3033,7940,2351,2041,651,0.0528043,4,6,1.40696,0.281437,22.9434
522206,4174300.0,2355,2049,2,-0.0175779,0.183374,5.34381,29.1417,7940,2351,2041,651,0.0463249,4,7,1.28063,0.229217,27.4113
522188,4174310.0,2356,2043,2,-0.0515726,0.339967,5.37491,15.8101,7940,2352,2039,651,0.185345,4,3,2.03842,0.424959,15.7409
522192,4174310.0,2356,2044,2,-0.0384863,0.294143,4.89917,16.6558,7940,2352,2040,651,0.131695,3,4,1.60255,0.367678,16.5623
522194,4174310.0,2356,2045,2,-0.0318897,0.292836,5.18068,17.6914,7940,2352,2040,651,0.0994206,4,4,1.41044,0.366044,17.5069
522198,4174310.0,2356,2046,2,-0.0303041,0.27134,5.46832,20.153,7940,2352,2040,651,0.0759055,4,5,1.5268,0.339175,23.5923
522200,4174310.0,2356,2047,2,-0.0265456,0.232022,5.64252,24.3189,7940,2352,2040,651,0.0561378,3,7,1.6139,0.290027,22.8725
522186,4174310.0,2357,2042,2,-0.033252,0.310541,6.37135,20.5169,7940,2352,2037,651,0.156824,4,5,1.70557,0.388177,20.1136
522188,4174310.0,2357,2043,2,-0.0369972,0.304014,6.82408,22.4466,7940,2352,2037,651,0.124045,5,5,2.07615,0.380017,21.6429
522192,4174310.0,2357,2044,2,-0.0272315,0.272571,7.06848,25.9326,7940,2352,2037,651,0.0936956,4,7,1.76546,0.340714,24.3914
522194,4174310.0,2357,2045,2,-0.023884,0.233558,7.32407,31.3587,7940,2352,2037,651,0.0819698,5,7,1.87243,0.291948,28.6827
522174,4174310.0,2358,2038,2,-0.0342332,0.336312,13.5467,40.2801,7940,2352,2026,651,0.210123,13,4,3.44729,0.42039,39.5998
522176,4174310.0,2358,2039,2,-0.0358796,0.321601,13.2054,41.0614,7940,2352,2027,651,0.169029,10,7,3.68316,0.402001,40.2294
522180,4174310.0,2358,2040,2,-0.0325053,0.304232,12.6727,41.6547,7940,2352,2028,651,0.141696,11,6,3.38499,0.38029,40.6704
522182,4174310.0,2358,2041,2,-0.0264006,0.304629,13.0456,42.8245,7940,2352,2028,651,0.131968,10,8,2.82648,0.380786,41.6383
522186,4174310.0,2358,2042,2,-0.0247462,0.29702,14.4123,48.523,7940,2352,2027,651,0.123064,11,9,3.0019,0.371275,47.0214
522170,4174320.0,2359,2037,2,-0.0327481,0.373505,21.964,58.805,7940,2358,2017,633,0.235787,17,3,4.81438,0.466881,61.6364
522174,4174320.0,2359,2038,2,-0.0373489,0.368029,25.2264,68.5447,7940,2362,2015,633,0.203101,19,6,6.40017,0.460036,71.1821
522176,4174320.0,2359,2039,2,-0.0292777,0.353632,28.4244,80.3785,7940,2365,2013,633,0.165725,21,12,5.88325,0.442039,79.0704
522180,4174320.0,2359,2040,2,-0.0239429,0.30153,30.0551,99.6752,7940,2369,2011,633,0.140521,18,26,5.96628,0.376913,93.0423
521894,4174320.0,2360,1945,2,-0.00485118,0.372003,43.7087,117.496,7940,2396,1934,637,0.225344,17,29,1.42498,0.465004,111.166
522168,4174320.0,2360,2036,2,-0.0315513,0.367899,27.5096,74.7748,7940,2367,2012,633,0.265985,14,16,5.89811,0.459873,76.8349
522170,4174320.0,2360,2037,2,-0.0380849,0.33014,27.6427,83.7301,7940,2368,2012,633,0.246461,20,14,7.97213,0.412675,80.2737
522174,4174320.0,2360,2038,2,-0.0370075,0.276863,29.8562,107.837,7940,2370,2010,633,0.21956,14,35,9.977,0.346078,90.0073
521892,4174320.0,2361,1944,2,-0.0132828,0.388468,41.7177,107.39,7940,2395,1937,636,0.217677,9,31,3.56612,0.485585,102.85
522164,4174320.0,2361,2035,2,-0.0276853,0.340031,26.4154,77.6853,7940,2369,2011,633,0.304763,15,16,5.37685,0.425039,77.6823
522168,4174320.0,2361,2036,2,-0.0346473,0.299631,27.1179,90.5043,7940,2369,2011,633,0.290782,9,31,7.83934,0.374539,78.8473
521886,4174330.0,2362,1942,2,-0.00793234,0.357862,42.6104,119.069,7940,2397,1931,637,0.218464,13,34,2.36124,0.447328,109.031
521888,4174330.0,2362,1943,2,-0.0192739,0.401068,40.8929,101.96,7940,2395,1938,636,0.223623,8,29,4.91291,0.501334,98.7226
522162,4174330.0,2362,2034,2,-0.00904376,0.326143,25.0179,76.7084,7940,2369,2011,633,0.316442,15,18,1.73433,0.407679,73.5058
522164,4174330.0,2362,2035,2,-0.0160851,0.28771,26.7817,93.0858,7940,2370,2010,633,0.318467,8,34,3.74323,0.359638,79.7483
521880,4174330.0,2363,1940,2,-0.0110896,0.322949,47.5332,147.185,7940,2398,1914,637,0.187167,14,46,4.08054,0.403687,130.258
521882,4174330.0,2363,1941,2,-0.00940212,0.3897,41.8959,107.508,7940,2397,1933,637,0.196453,22,23,2.52701,0.487125,102.997
521886,4174330.0,2363,1942,2,-0.00810868,0.409688,39.8801,97.3427,7940,2395,1938,636,0.215973,8,27,1.9733,0.51211,95.2395
522158,4174330.0,2363,2033,2,-0.0206576,0.315341,23.71,75.1884,7940,2369,2011,633,0.328711,11,22,3.88303,0.394177,69.5447
521874,4174330.0,2364,1938,2,-0.0190682,0.336964,46.4189,137.756,7940,2398,1914,637,0.157976,12,45,6.56689,0.421205,123.373
521876,4174330.0,2364,1939,2,-0.0118547,0.374768,42.23,112.683,7940,2398,1929,637,0.157082,12,33,3.33955,0.46846,104.502
521880,4174330.0,2364,1940,2,-0.0116303,0.402158,39.7306,98.7934,7940,2396,1934,637,0.17374,18,19,2.87249,0.502698,96.2047
521882,4174330.0,2364,1941,2,-0.00620916,0.418369,39.0253,93.2796,7940,2395,1938,636,0.191482,8,25,1.44797,0.522961,91.9587
522156,4174330.0,2364,2032,2,-0.00318499,0.304547,22.2047,72.9106,7940,2369,2011,633,0.343707,8,25,0.580548,0.380684,64.01
521864,4174340.0,2365,1935,2,-0.0100349,0.339236,44.6499,131.619,7940,2398,1913,637,0.288518,13,41,3.30194,0.424045,117.37
521868,4174340.0,2365,1936,2,-0.0403382,0.355566,43.4075,122.08,7940,2401,1923,637,0.280815,5,43,12.3112,0.444458,113.705
521870,4174340.0,2365,1937,2,-0.0558951,0.383525,41.2525,107.561,7940,2398,1929,637,0.231149,9,33,15.0304,0.479407,100.73
522152,4174340.0,2365,2031,2,-0.00473654,0.29523,20.8197,70.5204,7940,2369,2011,633,0.321151,7,24,0.835056,0.369037,60.8542
521856,4174340.0,2366,1932,2,-0.00868358,0.275188,47.2292,171.625,7940,2401,1900,638,0.186259,9,63,3.7258,0.343985,140.744
521858,4174340.0,2366,1933,2,-0.00309295,0.349853,42.5793,121.706,7940,2398,1914,637,0.200156,10,40,0.941077,0.437317,110.17
522150,4174340.0,2366,2030,2,-0.0093145,0.285584,19.5005,68.283,7940,2369,2011,633,0.312907,7,24,1.59005,0.35698,58.0358
521850,4174340.0,2367,1930,2,-0.00933432,0.353443,40.6584,115.035,7940,2398,1914,637,0.208729,12,34,2.68443,0.441804,104.028
521852,4174340.0,2367,1931,2,-0.0187893,0.380049,42.2609,111.198,7940,2399,1916,637,0.206066,11,35,5.22334,0.475062,104.667
521856,4174340.0,2367,1932,2,-0.0251195,0.368671,40.5392,109.96,7940,2400,1919,637,0.195333,13,32,6.90538,0.460839,104.546
521858,4174340.0,2367,1933,2,-0.0129043,0.372415,39.2325,105.346,7940,2400,1925,637,0.18456,6,34,3.39854,0.465519,100.172
522146,4174340.0,2367,2029,2,-0.0118215,0.278688,18.1706,65.2004,7940,2369,2011,633,0.316072,7,22,1.92692,0.34836,55.0636
521840,4174340.0,2368,1927,2,-0.015951,0.298828,43.0815,144.168,7940,2400,1902,638,0.197887,6,54,5.74907,0.373534,121.539
521844,4174340.0,2368,1928,2,-0.00450006,0.363639,39.3559,108.228,7940,2398,1914,637,0.191977,12,31,1.21758,0.454549,98.5527
521850,4174340.0,2368,1930,2,-0.00197899,0.385495,39.3404,102.052,7940,2399,1918,637,0.21204,10,32,0.504899,0.481869,97.8455
521852,4174340.0,2368,1931,2,-0.0116963,0.378221,37.9262,100.275,7940,2400,1924,637,0.219196,6,32,2.93211,0.472777,96.8322
521856,4174340.0,2368,1932,2,-0.0261101,0.394087,36.6451,92.9872,7940,2398,1927,637,0.218829,4,30,6.06977,0.492609,89.7841
522144,4174340.0,2368,2028,2,-0.00137829,0.27563,16.8228,61.0339,7940,2369,2011,633,0.310014,7,20,0.210306,0.344537,51.7793
521834,4174350.0,2369,1925,2,-0.0107336,0.369163,39.8555,107.962,7940,2398,1910,637,0.212808,11,32,2.89705,0.461454,96.3078
521838,4174350.0,2369,1926,2,-0.0117146,0.379536,38.0601,100.281,7940,2398,1914,637,0.211643,12,28,2.93688,0.47442,92.9826
521840,4174350.0,2369,1927,2,-0.0248854,0.394913,38.5616,97.6457,7940,2398,1915,637,0.206301,10,30,6.07488,0.493641,95.2331
521844,4174350.0,2369,1928,2,-0.0242887,0.398876,39.2647,98.4384,7940,2399,1917,637,0.196794,14,26,5.97735,0.498595,94.7464
521822,4174350.0,2370,1921,2,-0.0132354,0.296366,39.992,134.941,7940,2401,1900,638,0.218734,9,46,4.465,0.370458,110.36
521826,4174350.0,2370,1922,2,-0.00528206,0.366768,37.539,102.351,7940,2398,1909,637,0.229175,6,34,1.35156,0.45846,90.6514
521828,4174350.0,2370,1923,2,-0.0133825,0.388043,38.0052,97.9409,7940,2398,1911,637,0.235481,10,29,3.27674,0.485053,90.0511
521832,4174350.0,2370,1924,2,-0.0268973,0.390785,36.7422,94.0216,7940,2398,1914,637,0.228151,11,26,6.32233,0.488481,88.0361
521834,4174350.0,2370,1925,2,-0.0225492,0.403255,37.0741,91.9371,7940,2398,1915,637,0.216089,9,28,5.18277,0.504069,87.7955
521814,4174350.0,2371,1918,2,-0.00803036,0.333015,35.5246,106.676,7940,2399,1904,638,0.183866,8,35,2.14161,0.416268,92.0278
521816,4174350.0,2371,1919,2,-0.00218198,0.370353,35.1997,95.0436,7940,2398,1908,637,0.196733,9,28,0.518459,0.462941,85.7106
521820,4174350.0,2371,1920,2,-0.00346322,0.393098,36.2693,92.2654,7940,2398,1910,637,0.211491,10,26,0.798838,0.491372,84.9668
521822,4174350.0,2371,1921,2,-0.00799313,0.402994,36.4389,90.4205,7940,2398,1911,637,0.217883,9,27,1.80686,0.503742,84.7284
521826,4174350.0,2371,1922,2,-0.00948939,0.401657,35.4855,88.3479,7940,2398,1913,637,0.223877,13,22,2.09592,0.502071,83.6233
522134,4174350.0,2371,2025,2,-0.00664778,0.291129,13.5622,46.5849,7940,2369,2011,633,0.205946,7,12,0.774215,0.363911,42.1421
522138,4174350.0,2371,2026,2,-0.00308346,0.254482,14.921,58.6328,7940,2370,2010,633,0.217216,9,17,0.451979,0.318103,48.3386
521804,4174360.0,2372,1915,2,-0.00257353,0.361456,34.6594,95.8883,7940,2399,1905,638,0.193883,10,30,0.616928,0.45182,85.3695
521808,4174360.0,2372,1916,2,-0.00849587,0.386236,33.5189,86.7836,7940,2398,1907,637,0.201759,9,25,1.84326,0.482795,81.0679
522132,4174360.0,2372,2024,2,-0.00435103,0.297019,12.7632,42.9711,7940,2369,2011,633,0.175314,7,12,0.467422,0.371273,39.8617
522134,4174360.0,2372,2025,2,-0.00580559,0.281213,14.1182,50.2048,7940,2370,2010,633,0.185859,8,14,0.728672,0.351516,47.0015
521798,4174360.0,2373,1913,2,-0.0128691,0.358808,32.4895,90.5486,7940,2399,1904,638,0.182133,8,28,2.91321,0.44851,80.7608
522132,4174360.0,2373,2024,2,-0.00497144,0.295474,13.4214,45.4234,7940,2370,2010,633,0.145646,8,12,0.564549,0.369343,44.3738
521796,4174360.0,2374,1912,2,-0.00486242,0.396155,31.0827,78.461,7940,2398,1906,637,0.202666,11,20,0.953775,0.495194,74.0463
522128,4174360.0,2374,2023,2,-0.00286705,0.310555,12.8665,41.4307,7940,2370,2010,633,0.10428,8,10,0.29696,0.388194,42.3527
522132,4174360.0,2374,2024,2,-0.00451982,0.260996,13.1164,50.2554,7940,2370,2010,633,0.114796,10,11,0.567864,0.326245,44.0892
521790,4174360.0,2375,1910,2,-0.0141329,0.361497,33.3581,92.2777,7940,2401,1901,638,0.187318,8,28,3.26037,0.451871,80.7462
521792,4174360.0,2375,1911,2,-0.00498757,0.421743,30.2976,71.839,7940,2398,1906,637,0.187006,9,22,0.895756,0.527179,71.7809
522128,4174360.0,2375,2023,2,-0.00626301,0.288796,12.7082,44.004,7940,2370,2010,633,0.0753458,9,10,0.688994,0.360995,41.5685
521784,4174370.0,2376,1908,2,-0.0241568,0.363464,32.2555,88.7448,7940,2401,1901,638,0.178356,9,26,5.35948,0.45433,76.7195
521786,4174370.0,2376,1909,2,-0.0193943,0.409518,30.6455,74.8331,7940,2399,1905,638,0.177041,9,21,3.62834,0.511898,68.8219
521790,4174370.0,2376,1910,2,-0.0141127,0.439652,29.5975,67.3203,7940,2398,1906,637,0.180504,5,20,2.37517,0.549565,65.8656
522126,4174370.0,2376,2022,2,-0.00435351,0.300833,12.46,41.4182,7940,2370,2010,633,0.0548733,10,7,0.450787,0.376041,40.3891
521768,4174370.0,2377,1903,2,-0.0177864,0.330641,29.0967,88.0008,7940,2401,1900,638,0.144703,8,26,3.91305,0.413301,71.1454
521772,4174370.0,2377,1904,2,-0.0112433,0.357504,29.4944,82.5007,7940,2401,1900,638,0.153003,10,23,2.31896,0.44688,71.5433
521778,4174370.0,2377,1906,2,-0.0106932,0.391615,30.9045,78.9154,7940,2401,1901,638,0.186561,8,22,2.10965,0.489519,71.8842
521780,4174370.0,2377,1907,2,-0.0283114,0.387255,28.5859,73.8168,7940,2399,1904,638,0.193073,9,19,5.22464,0.484068,65.4315
521784,4174370.0,2377,1908,2,-0.0318154,0.440318,29.9563,68.0333,7940,2399,1905,638,0.186397,12,14,5.41126,0.550398,65.1625
521786,4174370.0,2377,1909,2,-0.0171724,0.454611,28.7976,63.3456,7940,2398,1906,637,0.189443,9,18,2.7195,0.568263,64.9346
522126,4174370.0,2377,2022,2,-0.00757778,0.293727,12.6167,42.9539,7940,2371,2009,633,0.0294868,10,8,0.813738,0.367159,43.7818
521748,4174370.0,2378,1896,2,-0.0148649,0.325741,29.7822,91.4288,7940,2407,1894,638,0.0716754,6,28,3.3977,0.407177,85.6374
521750,4174370.0,2378,1897,2,-0.0085884,0.322728,27.6482,85.6705,7940,2405,1897,638,0.0752913,8,26,1.83943,0.403409,79.5033
521754,4174370.0,2378,1898,2,-0.00935619,0.329603,27.6807,83.9819,7940,2404,1898,638,0.0872203,8,25,1.96438,0.412004,76.5002
521756,4174370.0,2378,1899,2,-0.00817606,0.340828,27.0989,79.509,7940,2402,1899,638,0.0965033,5,26,1.62518,0.426035,72.1877
521760,4174370.0,2378,1900,2,-0.00560997,0.358699,27.8014,77.5061,7940,2401,1900,638,0.10687,8,22,1.08702,0.448374,68.2233
521762,4174370.0,2378,1901,2,-0.0033942,0.380228,28.114,73.94,7940,2401,1900,638,0.123896,9,20,0.627419,0.475284,67.5976
521766,4174370.0,2378,1902,2,-0.00325116,0.388605,28.4625,73.2427,7940,2401,1900,638,0.144153,9,19,0.595309,0.485757,67.6888
521768,4174370.0,2378,1903,2,-0.008801,0.405123,29.347,72.4396,7940,2401,1901,638,0.161567,9,19,1.59385,0.506404,67.8591
521772,4174370.0,2378,1904,2,-0.0183945,0.414458,29.8193,71.9476,7940,2401,1901,638,0.164804,8,19,3.3086,0.518073,67.9398
522122,4174370.0,2378,2021,2,-0.00189305,0.302986,12.6044,41.6005,7940,2371,2009,633,0.0588545,11,7,0.19688,0.378732,42.4891
522126,4174370.0,2378,2022,2,-0.00845557,0.279522,12.6777,45.3549,7940,2371,2009,633,0.017587,10,9,0.958754,0.349403,45.0666
521730,4174380.0,2379,1890,2,-0.0146152,0.308048,28.82,93.5568,7940,2409,1888,639,0.0860485,8,27,3.41837,0.38506,88.748
521732,4174380.0,2379,1891,2,-0.0170202,0.319691,29.4926,92.2533,7940,2409,1889,639,0.0942192,3,30,3.92541,0.399614,88.6783
521736,4174380.0,2379,1892,2,-0.017875,0.322239,28.849,89.5268,7940,2408,1892,639,0.103776,9,25,4.00074,0.402799,85.5069
521738,4174380.0,2379,1893,2,-0.0229459,0.335598,28.8922,86.0918,7940,2407,1893,639,0.109692,5,28,4.93863,0.419497,82.5
521742,4174380.0,2379,1894,2,-0.0241712,0.34205,29.2643,85.5555,7940,2407,1894,638,0.107444,6,27,5.16995,0.427562,82.5002
521744,4174380.0,2379,1895,2,-0.0209466,0.335736,27.7834,82.7537,7940,2406,1896,638,0.105193,7,26,4.33352,0.41967,79.5643
522122,4174380.0,2379,2021,2,-0.00570829,0.289058,12.8023,44.2896,7940,2371,2009,633,0.0662773,11,8,0.632045,0.361322,44.0085
521724,4174380.0,2380,1888,2,-0.0232916,0.32421,28.3076,87.3125,7940,2409,1888,639,0.0914032,7,25,5.08411,0.405263,85.5049
521726,4174380.0,2380,1889,2,-0.0145624,0.332626,28.8547,86.7483,7940,2409,1889,639,0.096636,5,27,3.15816,0.415783,85.5075
521730,4174380.0,2380,1890,2,-0.0124172,0.333296,28.9022,86.7163,7940,2409,1890,639,0.109617,7,27,2.69193,0.41662,85.5029
522120,4174380.0,2380,2020,2,-0.00914105,0.298967,13.1076,43.843,7940,2371,2009,633,0.107192,11,8,1.00193,0.373708,43.4488
522122,4174380.0,2380,2021,2,-0.0104763,0.267489,13.019,48.6711,7940,2371,2009,633,0.0864566,11,9,1.27473,0.334361,45.5868
521718,4174380.0,2381,1886,2,-0.0260215,0.324371,28.9646,89.2948,7940,2410,1885,639,0.109082,8,25,5.80896,0.405464,85.5405
521720,4174380.0,2381,1887,2,-0.0186118,0.333693,27.8379,83.4237,7940,2409,1888,639,0.11891,7,23,3.88166,0.417116,82.5235
522116,4174380.0,2381,2019,2,-0.00463869,0.310781,13.4937,43.4188,7940,2371,2009,633,0.141744,12,7,0.503517,0.388476,43.4102
522120,4174380.0,2381,2020,2,-0.00862139,0.281757,13.4277,47.657,7940,2371,2009,633,0.120195,11,9,1.02717,0.352196,45.2937
521714,4174390.0,2382,1885,2,-0.0227646,0.337018,28.482,84.5119,7940,2410,1885,639,0.10463,8,23,4.80969,0.421273,82.5045
521718,4174390.0,2382,1886,2,-0.0101577,0.339442,28.228,83.1601,7940,2410,1887,639,0.123076,2,28,2.11179,0.424303,82.538
522116,4174390.0,2382,2019,2,-0.0100011,0.296952,13.9492,46.9746,7940,2371,2009,633,0.153059,12,8,1.17449,0.37119,45.4737
521708,4174390.0,2383,1883,2,-0.0306689,0.301103,27.6345,91.7776,7940,2412,1882,639,0.151881,7,28,7.03679,0.376378,85.5264
521712,4174390.0,2383,1884,2,-0.0362579,0.342911,28.014,81.6948,7940,2410,1885,639,0.138791,8,23,7.40521,0.428639,79.5397
522114,4174390.0,2383,2018,2,-0.0176734,0.31103,14.5465,46.7687,7940,2371,2009,633,0.164196,12,8,2.06641,0.388788,46.1642
522116,4174390.0,2383,2019,2,-0.0233552,0.269071,14.4242,53.6075,7940,2371,2009,633,0.153406,11,12,3.13003,0.336338,47.3842
521702,4174390.0,2384,1881,2,-0.00380805,0.287102,29.3167,102.113,7940,2414,1874,639,0.150316,5,33,0.972125,0.358877,91.0426
521706,4174390.0,2384,1882,2,-0.0145435,0.318919,26.7109,83.7544,7940,2411,1883,639,0.166546,4,29,3.0452,0.398649,79.5497
521708,4174390.0,2384,1883,2,-0.0208256,0.347213,27.333,78.7211,7940,2410,1885,639,0.174373,7,24,4.09853,0.434016,76.6535
522110,4174390.0,2384,2017,2,-0.0303685,0.32805,15.1211,46.094,7940,2371,2009,633,0.126384,14,6,3.49952,0.410062,47.4527
522114,4174390.0,2384,2018,2,-0.0340441,0.290997,15.0708,51.7902,7940,2371,2009,633,0.126106,12,11,4.40788,0.363746,48.3197
521700,4174400.0,2385,1880,2,-0.0162013,0.323744,28.9347,89.3752,7940,2414,1878,639,0.118913,4,28,3.62,0.40468,85.7146
521702,4174400.0,2385,1881,2,-0.00280112,0.326472,25.9726,79.5555,7940,2411,1883,639,0.138243,4,27,0.55711,0.40809,76.6784
521706,4174400.0,2385,1882,2,-0.00869361,0.342798,26.5638,77.491,7940,2410,1885,639,0.163687,8,21,1.68419,0.428498,75.5849
522110,4174400.0,2385,2017,2,-0.0351873,0.307201,15.4006,50.132,7940,2371,2009,633,0.0633544,13,8,4.41002,0.384002,49.8557
521690,4174400.0,2386,1877,2,-0.0166509,0.315903,27.6974,87.6768,7940,2414,1874,639,0.116525,3,29,3.64974,0.394879,82.9224
521694,4174400.0,2386,1878,2,-0.0180091,0.332298,28.2538,85.0253,7940,2414,1877,639,0.128484,4,26,3.82807,0.415373,82.5694
521696,4174400.0,2386,1879,2,-0.0196354,0.336699,28.3843,84.3017,7940,2414,1878,639,0.134999,7,25,4.13824,0.420874,82.5188
521700,4174400.0,2386,1880,2,-0.0231271,0.326429,25.7693,78.943,7940,2412,1882,639,0.132116,7,22,4.56431,0.408036,76.8557
521684,4174400.0,2387,1875,2,-0.0149052,0.314437,26.0998,83.0051,7940,2414,1873,639,0.105748,5,25,3.09303,0.393046,79.6652
521688,4174400.0,2387,1876,2,-0.0136707,0.341827,27.7462,81.1701,7940,2414,1875,639,0.116307,3,26,2.77414,0.427284,79.5144
521676,4174400.0,2388,1872,2,-0.0199717,0.279883,29.0237,103.699,7940,2420,1864,640,0.121006,5,34,5.17763,0.349853,97.4165
521678,4174400.0,2388,1873,2,-0.0250766,0.315285,26.1012,82.786,7940,2415,1872,639,0.122851,3,26,5.18997,0.394106,79.5149
521670,4174410.0,2389,1870,2,-0.0237258,0.290293,28.2869,97.4427,7940,2420,1864,640,0.116101,5,31,5.77977,0.362866,93.4146
521672,4174410.0,2389,1871,2,-0.0142706,0.293642,26.5921,90.5599,7940,2418,1870,639,0.113207,7,26,3.23087,0.367052,86.7493
521676,4174410.0,2389,1872,2,-0.00667201,0.324202,25.4723,78.5692,7940,2415,1872,639,0.131384,3,24,1.31054,0.405253,76.5125
521624,4174410.0,2390,1855,2,-0.0245208,0.26589,28.0785,105.602,7940,2425,1852,640,0.0330688,1,36,6.47361,0.332362,103.993
521628,4174410.0,2390,1856,2,-0.0219249,0.264834,27.6817,104.525,7940,2425,1853,640,0.0211424,1,38,5.72924,0.331042,103.908
521630,4174410.0,2390,1857,2,-0.0193131,0.263501,26.6887,101.285,7940,2424,1854,640,0.0101245,4,32,4.89031,0.329376,100.838
521634,4174410.0,2390,1858,2,-0.0177613,0.259153,26.8672,103.673,7940,2424,1855,640,0.00496061,3,35,4.60343,0.323941,100.993
521664,4174410.0,2390,1868,2,-0.00910612,0.2896,27.3666,94.4978,7940,2420,1864,640,0.126513,7,30,2.15127,0.362,89.4837
521666,4174410.0,2390,1869,2,-0.0161948,0.305115,27.7266,90.8725,7940,2420,1865,640,0.143456,6,27,3.67916,0.381394,89.3418
521670,4174410.0,2390,1870,2,-0.0286809,0.302975,26.1167,86.2008,7940,2418,1870,639,0.140263,7,24,6.18079,0.378719,83.8303
521610,4174410.0,2391,1850,2,-0.0260703,0.250419,26.2633,104.878,7940,2425,1849,640,0.109713,2,36,6.83547,0.313023,100.564
521612,4174410.0,2391,1851,2,-0.0312089,0.257566,26.6044,103.292,7940,2425,1849,640,0.115128,2,37,8.05905,0.321958,100.614
521616,4174410.0,2391,1852,2,-0.0350242,0.266204,27.2295,102.288,7940,2425,1850,640,0.106539,0,37,8.95639,0.332756,100.649
521618,4174410.0,2391,1853,2,-0.029646,0.274286,27.9129,101.766,7940,2425,1851,640,0.0952803,2,33,7.54238,0.342857,100.708
521622,4174410.0,2391,1854,2,-0.0237299,0.274551,27.8268,101.354,7940,2425,1852,640,0.091853,1,34,6.01279,0.343189,100.77
521630,4174410.0,2391,1857,2,-0.0175648,0.270725,26.5778,98.1727,7940,2424,1854,640,0.0645254,4,31,4.31095,0.338406,97.8081
521634,4174410.0,2391,1858,2,-0.0141322,0.274253,27.0004,98.4506,7940,2424,1856,640,0.0526012,3,33,3.47831,0.342817,97.7841
521636,4174410.0,2391,1859,2,-0.0162386,0.272271,26.0766,95.7744,7940,2423,1857,640,0.0441575,4,31,3.88811,0.340338,94.795
521640,4174410.0,2391,1860,2,-0.0150228,0.276149,25.9889,94.1117,7940,2422,1858,640,0.0449507,2,32,3.53455,0.345187,93.6626
521642,4174410.0,2391,1861,2,-0.0150934,0.279376,26.0613,93.284,7940,2422,1858,640,0.0508212,1,34,3.51993,0.34922,91.878
521646,4174410.0,2391,1862,2,-0.0134844,0.280193,25.3421,90.445,7940,2421,1859,640,0.0562695,2,32,3.04899,0.350241,89.0745
521648,4174410.0,2391,1863,2,-0.0152819,0.279581,25.4572,91.0549,7940,2421,1859,640,0.0648492,2,33,3.47874,0.349476,89.2009
521652,4174410.0,2391,1864,2,-0.0149459,0.283242,26.0043,91.8098,7940,2421,1860,640,0.0722611,4,31,3.43044,0.354052,89.1397
521654,4174410.0,2391,1865,2,-0.0126014,0.283153,26.3906,93.2026,7940,2420,1863,640,0.0813365,8,28,2.93621,0.353941,85.9511
521658,4174410.0,2391,1866,2,-0.0136901,0.295114,26.6209,90.2056,7940,2420,1864,640,0.0939608,5,31,3.0873,0.368892,85.8274
521660,4174410.0,2391,1867,2,-0.0155696,0.306709,26.8633,87.5855,7940,2420,1864,640,0.111693,6,27,3.40917,0.383386,86.0986
521580,4174420.0,2392,1840,2,-0.0154858,0.221646,26.7581,120.725,7940,2430,1835,641,0.0678926,1,47,4.6738,0.277057,113.419
521582,4174420.0,2392,1841,2,-0.0190536,0.256781,26.7998,104.368,7940,2426,1843,640,0.0604495,4,37,4.9715,0.320976,100.617
521586,4174420.0,2392,1842,2,-0.0194668,0.259387,26.831,103.44,7940,2426,1844,640,0.0519363,2,39,5.03412,0.324234,100.779
521588,4174420.0,2392,1843,2,-0.0117901,0.25685,26.5151,103.232,7940,2426,1846,640,0.0498691,2,38,3.04277,0.321063,100.784
521592,4174420.0,2392,1844,2,-0.0112593,0.258516,26.6211,102.977,7940,2426,1846,640,0.0615847,3,36,2.89861,0.323145,100.734
521594,4174420.0,2392,1845,2,-0.0186278,0.254905,26.1789,102.701,7940,2426,1847,640,0.0799101,2,35,4.78274,0.318631,100.608
521598,4174420.0,2392,1846,2,-0.0241937,0.258012,26.3684,102.198,7940,2426,1847,640,0.095095,3,37,6.18139,0.322516,100.557
521600,4174420.0,2392,1847,2,-0.0237986,0.25864,25.519,98.6662,7940,2425,1848,640,0.108063,2,33,5.87029,0.3233,97.5536
521604,4174420.0,2392,1848,2,-0.0246404,0.259573,25.55,98.4309,7940,2425,1849,640,0.121464,2,33,6.06343,0.324466,97.5201
521550,4174440.0,2400,1830,2,-0.00261879,0.127987,26.8477,209.769,7940,2454,1802,643,0.180133,1,88,1.37336,0.159983,180.666
521546,4174440.0,2401,1829,2,-0.00275881,0.148922,26.3469,176.918,7940,2448,1808,642,0.169681,0,77,1.22021,0.186152,154.938
521540,4174450.0,2402,1827,2,-0.00412774,0.139807,25.1839,180.133,7940,2450,1807,643,0.181159,0,77,1.85885,0.174759,154.574
521544,4174450.0,2402,1828,2,-0.00733158,0.163984,25.0414,152.707,7940,2445,1814,642,0.174314,5,59,2.79895,0.20498,134.674
521532,4174450.0,2403,1824,2,-0.00506293,0.116189,24.6836,212.443,7940,2458,1799,643,0.172303,0,89,2.68896,0.145237,179.871
521534,4174450.0,2403,1825,2,-0.00817673,0.138411,23.963,173.129,7940,2450,1807,643,0.179665,0,74,3.53906,0.173014,149.346
521538,4174450.0,2403,1826,2,-0.00933716,0.15614,23.3102,149.29,7940,2445,1812,642,0.182896,2,61,3.48486,0.195175,131.678
521540,4174450.0,2403,1827,2,-0.0054155,0.167001,23.9721,143.545,7940,2445,1816,642,0.178468,0,58,1.94342,0.208751,129.109
521528,4174450.0,2404,1823,2,-0.0064017,0.137409,22.8299,166.146,7940,2450,1807,643,0.16743,0,71,2.65903,0.171761,144.306
521532,4174450.0,2404,1824,2,-0.001977,0.150339,22.2093,147.728,7940,2446,1810,642,0.170386,0,61,0.730144,0.187924,131.022
521534,4174450.0,2404,1825,2,-0.00117052,0.166303,23.0604,138.665,7940,2445,1814,642,0.179807,4,53,0.405776,0.207879,125.517
521520,4174460.0,2405,1820,2,-0.000826538,0.119257,20.3734,170.836,7940,2452,1805,643,0.130972,0,73,0.353007,0.149071,147.602
521144,4174700.0,2485,1695,1,-0.00628515,0.100738,10.2405,101.655,7940,2517,1697,658,0.0189774,0,41,1.59729,0.125923,94.7551
521136,4174700.0,2486,1692,1,-0.00734131,0.104179,10.1361,97.2945,7940,2517,1697,658,0.0212694,0,43,1.78567,0.130224,92.7736
521138,4174700.0,2486,1693,1,-0.00748662,0.104311,10.1586,97.3883,7940,2517,1697,658,0.0208127,0,40,1.82277,0.130388,92.3723
521142,4174700.0,2486,1694,1,-0.00183549,0.103849,10.1497,97.7346,7940,2517,1697,658,0.0213901,0,39,0.448478,0.129812,92.0276
521130,4174700.0,2487,1690,1,-0.00238295,0.107154,9.94149,92.7776,7940,2517,1697,658,0.019908,0,42,0.552711,0.133942,91.0317
521132,4174700.0,2487,1691,1,-0.00247853,0.107192,9.99436,93.2377,7940,2517,1697,658,0.025816,0,41,0.577731,0.13399,90.3761
521136,4174700.0,2487,1692,1,-0.00231732,0.106886,10.0437,93.9666,7940,2517,1697,658,0.026171,0,38,0.544377,0.133607,89.8358
521120,4174710.0,2489,1687,1,-0.00498041,0.11114,9.85859,88.7042,7940,2517,1697,658,0.00404985,0,37,1.10446,0.138925,87.573
521124,4174710.0,2489,1688,1,-0.00248578,0.112564,9.86927,87.6772,7940,2517,1697,658,0.00934132,0,36,0.544866,0.140705,86.6678
521072,4174740.0,2499,1671,2,-0.00404358,0.106763,10.6338,99.6022,7940,2519,1697,658,0.00479415,0,45,1.00687,0.133453,99.4788
521072,4174740.0,2500,1671,2,-0.00647237,0.107739,11.063,102.683,7940,2520,1697,658,0.01274,0,45,1.66151,0.134673,99.5987
521070,4174740.0,2501,1670,2,-0.00736107,0.108011,11.5177,106.635,7940,2521,1697,658,0.0188677,0,46,1.96236,0.135014,102.473
521072,4174740.0,2501,1671,2,-0.00331854,0.11104,11.4929,103.502,7940,2521,1697,658,0.0207491,0,45,0.858687,0.1388,100.41
521070,4174750.0,2502,1670,2,-0.00167834,0.110192,11.4256,103.688,7940,2521,1697,658,0.0248317,0,45,0.435057,0.13774,100.718
521066,4174760.0,2505,1669,2,-0.00197567,0.114577,11.2757,98.4117,7940,2521,1697,658,0.0102177,0,43,0.486072,0.143222,98.16
521070,4174760.0,2505,1670,2,-0.00156179,0.119275,11.2704,94.4913,7940,2521,1697,658,0.011891,0,42,0.36894,0.149094,95.8471
521066,4174760.0,2506,1669,2,-0.00388854,0.118338,11.2856,95.3672,7940,2521,1697,658,0.00545554,0,42,0.927099,0.147923,96.7141
521066,4174760.0,2507,1669,2,-0.00641103,0.119498,11.2201,93.8939,7940,2521,1697,658,0.0100798,0,41,1.50489,0.149372,95.008
521064,4174760.0,2508,1668,2,-0.0100552,0.134421,21.1678,157.473,7940,2555,1673,650,0.00970041,3,62,3.95856,0.168027,140.267
521066,4174760.0,2508,1669,2,-0.00578353,0.142344,15.5288,109.094,7940,2526,1700,658,0.0195768,0,48,1.57737,0.17793,108.911
521064,4174770.0,2509,1668,2,-0.00703446,0.135602,21.0977,155.586,7940,2555,1673,650,0.0253284,3,63,2.73615,0.169502,137.242
521064,4174770.0,2510,1668,2,-0.00160068,0.13626,20.9876,154.026,7940,2555,1673,650,0.0330955,3,64,0.616367,0.170325,134.211
521064,4174780.0,2513,1668,2,-0.00240589,0.142248,20.7156,145.63,7940,2555,1673,650,0.0284249,3,61,0.875924,0.17781,125.242
521064,4174780.0,2514,1668,2,-0.00353568,0.144945,20.6411,142.406,7940,2555,1673,650,0.0286939,3,60,1.25876,0.181181,122.267
521064,4174780.0,2515,1668,2,-0.000964748,0.148039,20.5238,138.638,7940,2555,1673,650,0.0278351,3,57,0.334376,0.185049,119.313
521060,4174790.0,2516,1667,2,-0.000311319,0.141735,20.8047,146.786,7940,2556,1672,650,0.0316424,4,62,0.114243,0.177169,119.595
521064,4174790.0,2516,1668,2,-0.0013443,0.152025,20.4316,134.396,7940,2555,1673,650,0.0284982,3,56,0.45167,0.190031,116.381
521060,4174790.0,2517,1667,2,-0.000675668,0.143082,20.3374,142.139,7940,2555,1673,650,0.0322634,4,59,0.240096,0.178852,114.573
521582,4174790.0,2517,1841,1,-0.0105779,0.163636,8.42908,51.511,7940,2505,1831,653,0.073372,0,21,1.3622,0.204546,45.0686
521586,4174790.0,2517,1842,1,-0.00711752,0.162596,8.04912,49.5039,7940,2505,1833,653,0.0747725,0,20,0.880863,0.203245,43.7707
521588,4174790.0,2517,1843,1,-0.00776282,0.164837,7.16698,43.4792,7940,2506,1835,653,0.0776431,0,18,0.843804,0.206046,39.9506
521592,4174790.0,2517,1844,1,-0.00992468,0.171343,7.41429,43.2718,7940,2506,1835,653,0.0783911,0,19,1.07365,0.214178,40.5949
521594,4174790.0,2517,1845,1,-0.00823909,0.164224,7.24693,44.1283,7940,2506,1836,653,0.078103,0,19,0.908944,0.20528,41.4734
521598,4174790.0,2517,1846,1,-0.0016625,0.165593,7.48636,45.2094,7940,2506,1836,653,0.0833712,0,20,0.187902,0.206991,42.5488
521600,4174790.0,2517,1847,1,-0.00281121,0.147797,6.26476,42.3875,7940,2507,1838,653,0.0861647,0,18,0.2979,0.184747,39.8609
521604,4174790.0,2517,1848,1,-0.0044464,0.149715,6.56378,43.842,7940,2507,1838,653,0.0830497,0,19,0.487347,0.187143,41.3003
521606,4174790.0,2517,1849,1,-0.0037429,0.147958,6.79065,45.8958,7940,2507,1838,653,0.0779471,0,20,0.429459,0.184947,43.1355
521616,4174790.0,2517,1852,1,-0.00330609,0.14054,7.54878,53.7127,7940,2507,1838,653,0.0850129,0,23,0.443948,0.175675,49.7614
521618,4174790.0,2517,1853,1,-0.0038825,0.137116,7.77684,56.7173,7940,2507,1838,653,0.0835472,0,24,0.550512,0.171395,52.2498
521628,4174790.0,2517,1856,1,-0.000751723,0.128578,10.0266,77.9807,7940,2506,1836,653,0.104132,0,32,0.14655,0.160722,68.1289
521630,4174790.0,2517,1857,1,-0.00414629,0.09066,26.8167,295.794,7940,2539,1765,656,0.107997,0,115,3.06612,0.113325,285.108
521060,4174790.0,2518,1667,2,-0.00385854,0.148405,20.2403,136.385,7940,2555,1673,650,0.0374735,4,58,1.31562,0.185507,112.503
521546,4174790.0,2518,1829,1,-0.00414593,0.147181,15.1536,102.959,7940,2494,1814,654,0.0531942,0,40,1.06715,0.183976,83.1886
521550,4174790.0,2518,1830,1,-0.00347978,0.148464,14.7669,99.4645,7940,2495,1815,653,0.0576382,0,39,0.865285,0.18558,81.6073
521552,4174790.0,2518,1831,1,-0.0032566,0.152978,14.3412,93.7473,7940,2496,1816,653,0.0606201,0,38,0.763243,0.191222,79.1547
521556,4174790.0,2518,1832,1,-0.00526375,0.155106,14.545,93.7746,7940,2496,1816,653,0.060484,0,37,1.23401,0.193883,79.7293
521558,4174790.0,2518,1833,1,-0.00641185,0.155215,14.15,91.1635,7940,2497,1817,653,0.0570012,0,36,1.46132,0.194019,78.2684
521562,4174790.0,2518,1834,1,-0.00415112,0.154585,14.3049,92.5374,7940,2497,1817,653,0.0551887,0,37,0.960336,0.193231,79.1881
521564,4174790.0,2518,1835,1,-0.00101666,0.150893,14.4711,95.903,7940,2497,1817,653,0.0584999,0,38,0.243752,0.188616,81.3447
521570,4174790.0,2518,1837,1,-0.00430734,0.142341,15.4272,108.382,7940,2496,1816,653,0.0638898,0,42,1.1671,0.177926,89.1604
521574,4174790.0,2518,1838,1,-0.000201785,0.138583,15.6019,112.582,7940,2496,1816,653,0.0660306,0,43,0.0567935,0.173228,91.8985
521580,4174790.0,2518,1840,1,-0.0035558,0.128986,16.6417,129.019,7940,2495,1815,653,0.0772482,0,49,1.14692,0.161232,101.254
521582,4174790.0,2518,1841,1,-0.00961176,0.0963232,22.8526,237.249,7940,2539,1765,656,0.0777056,0,96,5.70095,0.120404,238.269
521586,4174790.0,2518,1842,1,-0.0137106,0.0947478,23.0761,243.553,7940,2539,1765,656,0.075393,0,97,8.34812,0.118435,240.97
521588,4174790.0,2518,1843,1,-0.00778422,0.0914929,23.2746,254.387,7940,2539,1765,656,0.0726544,0,100,4.95051,0.114366,243.53
521592,4174790.0,2518,1844,1,-0.00183655,0.0873217,23.4905,269.012,7940,2540,1765,656,0.0747716,0,114,1.23513,0.109152,247.697
521600,4174790.0,2518,1847,1,-0.00374514,0.0901817,24.2024,268.374,7940,2540,1765,656,0.0851103,0,109,2.51274,0.112727,256.539
521604,4174790.0,2518,1848,1,-0.00518386,0.0910416,24.4957,269.06,7940,2539,1765,656,0.0816641,0,105,3.48693,0.113802,258.091
521606,4174790.0,2518,1849,1,-0.00292331,0.0910098,24.7042,271.446,7940,2539,1765,656,0.0779283,0,106,1.9838,0.113762,261.074
521612,4174790.0,2518,1851,1,-0.0023292,0.0909925,25.2073,277.027,7940,2539,1765,656,0.0839699,0,108,1.61312,0.113741,266.948
521616,4174790.0,2518,1852,1,-0.0055334,0.0906394,25.4475,280.755,7940,2539,1765,656,0.0816771,0,109,3.88383,0.113299,269.794
521618,4174790.0,2518,1853,1,-0.0022739,0.0885166,25.6802,290.117,7940,2539,1765,656,0.0759278,0,122,1.64925,0.110646,272.53
521058,4174800.0,2519,1666,2,-0.00246868,0.149208,20.4328,136.941,7940,2556,1672,650,0.0485459,4,58,0.845159,0.18651,111.196
521060,4174800.0,2519,1667,2,-0.00424558,0.156118,20.1485,129.06,7940,2555,1673,650,0.0413549,3,54,1.36983,0.195147,110.898
521550,4174800.0,2519,1830,1,-0.00449112,0.148153,38.8235,262.049,7940,2505,1748,646,0.0577688,0,107,2.94224,0.185192,247.973
521552,4174800.0,2519,1831,1,-0.00349513,0.139313,38.9526,279.604,7940,2506,1747,646,0.0595853,0,118,2.44313,0.174141,256.262
521556,4174800.0,2519,1832,1,-0.00733798,0.100254,21.4064,213.522,7940,2538,1764,656,0.0590259,0,86,3.91705,0.125317,212.456
521558,4174800.0,2519,1833,1,-0.00817818,0.10016,21.2955,212.615,7940,2539,1765,656,0.0527067,0,87,4.34701,0.1252,214.408
521562,4174800.0,2519,1834,1,-0.00736294,0.0991075,21.4619,216.551,7940,2539,1765,656,0.0522185,0,88,3.98614,0.123884,217.21
521574,4174800.0,2519,1838,1,-0.00368416,0.0910096,22.1296,243.157,7940,2539,1765,656,0.0664511,0,108,2.23957,0.113762,228.128
521052,4174800.0,2521,1664,2,-0.00120047,0.152788,19.994,130.862,7940,2556,1672,650,0.0592151,4,54,0.392737,0.190984,106.288
521048,4174810.0,2522,1663,2,-0.000975354,0.154856,19.7126,127.296,7940,2556,1672,650,0.0665957,4,54,0.310398,0.19357,104.023
521052,4174810.0,2522,1664,2,-0.00232488,0.156884,19.8455,126.498,7940,2556,1672,650,0.0629603,4,53,0.735233,0.196105,103.6
521046,4174810.0,2523,1662,2,-0.00176884,0.157267,19.4352,123.581,7940,2556,1672,650,0.0733907,4,52,0.546485,0.196584,101.886
521046,4174810.0,2524,1662,2,-0.00356943,0.161782,19.29,119.235,7940,2556,1672,650,0.0774795,4,49,1.064,0.202227,99.3318
521028,4174830.0,2529,1656,2,-0.00179455,0.165239,17.4264,105.462,7940,2556,1672,650,0.0720223,3,43,0.473141,0.206548,94.5903
521024,4174830.0,2530,1655,2,-0.00338798,0.170407,17.9696,105.451,7940,2557,1672,650,0.0733937,3,44,0.893165,0.213008,96.8833
521028,4174830.0,2530,1656,2,-0.00260078,0.173591,17.2294,99.2529,7940,2556,1672,650,0.0742764,3,42,0.645338,0.216988,93.2254
521022,4174830.0,2531,1654,2,-0.000384745,0.167328,18.1492,108.465,7940,2558,1672,650,0.0708268,3,45,0.104328,0.209161,96.9748
521024,4174830.0,2531,1655,2,-0.00367936,0.173062,16.9517,97.9513,7940,2556,1672,650,0.0753875,3,40,0.900994,0.216328,91.5264
521022,4174840.0,2532,1654,2,-0.00113036,0.17823,17.4687,98.0121,7940,2557,1672,650,0.0671985,3,41,0.276973,0.222788,93.9153
521018,4174840.0,2533,1653,2,-0.00272425,0.174668,17.7619,101.69,7940,2558,1672,650,0.0565053,3,42,0.692569,0.218335,93.9847
521016,4174840.0,2535,1652,2,-0.000837809,0.17388,17.4203,100.186,7940,2560,1672,650,0.0501361,6,38,0.209842,0.21735,96.7143
521016,4174850.0,2536,1652,2,-0.00165081,0.184556,17.4078,94.3225,7940,2559,1672,650,0.0454875,3,39,0.389272,0.230695,92.2543
521298,4174960.0,2574,1746,1,-0.00881112,0.141857,18.3373,129.266,7940,2533,1732,657,0.0203524,0,54,2.84744,0.177321,128.205
521294,4174960.0,2575,1745,1,-0.00472983,0.13206,20.2378,153.247,7940,2530,1729,657,0.0169851,0,64,1.81208,0.165075,142.337
