node,row,col,latitude,longitude,chi,elevation,flow_distance,drainage_area,m_chi,b_chi,source_key,basin_key,segmented_elevation,segment_number
43395737,7119,5870,37.8887922,-122.61707,36.798,272.29,1458.8,3051.0,3.022,162.33,1233,38,273.53,4279
43397437,7120,5869,37.8887653,-122.617104,36.473,271.55,1454.5,3366.0,3.022,162.33,1233,38,272.55,4279
43399138,7121,5869,37.8887382,-122.617104,36.25,270.95,1451.5,3411.0,3.022,162.33,1233,38,271.87,4279
43400839,7122,5869,37.8887112,-122.617105,36.028,270.49,1448.5,3420.0,3.022,162.33,1233,38,271.2,4279
43402540,7123,5869,37.8886841,-122.617105,35.806,270.04,1445.5,4491.0,3.022,162.33,1233,38,270.53,4279
43404242,7124,5869,37.8886571,-122.617105,35.602,269.56,1442.5,4536.0,3.022,162.33,1233,38,269.92,4279
43405944,7125,5868,37.8886302,-122.617139,35.316,269.19,1438.3,5472.0,3.022,162.33,1233,38,269.05,4279
43407647,7126,5868,37.8886031,-122.617139,35.125,268.87,1435.3,5481.0,3.022,162.33,1233,38,268.47,4279
43409350,7127,5868,37.8885761,-122.617139,34.934,268.43,1432.3,5490.0,3.022,162.33,1233,38,267.9,4279
43411053,7128,5868,37.8885491,-122.617139,34.743,267.83,1429.3,5499.0,3.022,162.33,1233,38,267.32,4279
43412756,7129,5868,37.888522,-122.61714,34.552,267.31,1426.3,5922.0,3.022,162.33,1233,38,266.74,4279
43414460,7130,5869,37.8884949,-122.617106,34.289,266.61,1422.0,6795.0,3.022,162.33,1233,38,265.95,4279
43416163,7131,5869,37.8884678,-122.617106,34.111,266.06,1419.0,7524.0,3.022,162.33,1233,38,265.41,4279
43417866,7132,5869,37.8884408,-122.617106,33.938,265.47,1416.0,7659.0,3.022,162.33,1233,38,264.89,4279
43419559,7133,5869,37.8884138,-122.617106,33.767,265.02,1413.0,7704.0,3.022,162.33,1233,38,264.37,4279
43421251,7134,5869,37.8883867,-122.617106,33.596,264.49,1410.0,7758.0,3.022,162.33,1233,38,263.85,4279
43422943,7135,5869,37.8883597,-122.617106,33.425,264.09,1407.0,7767.0,3.022,162.33,1233,38,263.34,4279
43424635,7136,5869,37.8883326,-122.617106,33.254,263.44,1404.0,7992.0,3.022,162.33,1233,38,262.82,4279
43426323,7137,5869,37.8883056,-122.617107,33.085,262.97,1401.0,8226.0,3.022,162.33,1233,38,262.31,4279
43428011,7138,5870,37.8882784,-122.617073,32.848,262.32,1396.8,8568.0,3.022,162.33,1233,38,261.59,4279
43429697,7139,5870,37.8882514,-122.617073,32.683,261.67,1393.8,8613.0,3.022,162.33,1233,38,261.09,4279
43431382,7140,5870,37.8882244,-122.617073,32.518,261.11,1390.8,8622.0,3.022,162.33,1233,38,260.6,4279
43433065,7141,5870,37.8881973,-122.617073,32.353,260.68,1387.8,8946.0,3.022,162.33,1233,38,260.1,4279
43434747,7142,5870,37.8881703,-122.617073,32.189,259.87,1384.8,8964.0,3.022,162.33,1233,38,259.6,4279
43436428,7143,5870,37.8881433,-122.617073,32.026,259.34,1381.8,8973.0,3.022,162.33,1233,38,259.11,4279
43438109,7144,5870,37.8881162,-122.617073,31.863,258.83,1378.8,8982.0,3.022,162.33,1233,38,258.62,4279
43439788,7145,5870,37.8880892,-122.617074,31.7,258.29,1375.8,8991.0,3.022,162.33,1233,38,258.13,4279
43441466,7146,5870,37.8880621,-122.617074,31.537,257.7,1372.8,9000.0,3.022,162.33,1233,38,257.63,4279
43443143,7147,5870,37.8880351,-122.617074,31.375,257.02,1369.8,9009.0,3.022,162.33,1233,38,257.14,4279
43444819,7148,5870,37.8880081,-122.617074,31.212,256.3,1366.8,9558.0,3.022,162.33,1233,38,256.65,4279
43446495,7149,5870,37.887981,-122.617074,31.052,255.87,1363.8,9954.0,3.022,162.33,1233,38,256.17,4279
43448170,7150,5870,37.887954,-122.617074,30.894,255.37,1360.8,9963.0,3.022,162.33,1233,38,255.69,4279
43449844,7151,5870,37.8879269,-122.617074,30.737,254.81,1357.8,9999.0,3.022,162.33,1233,38,255.21,4280
43451518,7152,5870,37.8878999,-122.617075,30.579,254.27,1354.8,10017.0,3.022,162.33,1233,38,254.74,4280
43453191,7153,5870,37.8878729,-122.617075,30.422,253.84,1351.8,10089.0,3.022,162.33,1233,38,254.26,4280
43454863,7154,5870,37.8878458,-122.617075,30.265,253.51,1348.8,10368.0,3.022,162.33,1233,38,253.79,4280
43456534,7155,5871,37.8878187,-122.617041,30.045,252.97,1344.6,12987.0,3.022,162.33,1233,38,253.12,4280
43458204,7156,5871,37.8877916,-122.617041,29.9,252.63,1341.6,19728.0,3.022,162.33,1233,38,252.69,4280
43459872,7157,5872,37.8877645,-122.617007,29.721,252.31,1337.3,19737.0,3.022,162.33,1233,38,252.14,4280
43461540,7158,5873,37.8877373,-122.616973,29.542,251.44,1333.1,19746.0,3.022,162.33,1233,38,251.6,4280
43463208,7159,5874,37.8877102,-122.616939,29.363,250.58,1328.8,20511.0,3.022,162.33,1233,38,251.06,4280
43464875,7160,5875,37.887683,-122.616905,29.186,250.12,1324.6,20943.0,3.022,162.33,1233,38,250.53,4280
43466542,7161,5876,37.8876559,-122.616871,29.01,249.53,1320.3,21222.0,3.022,162.33,1233,38,250.0,4280
43468208,7162,5877,37.8876287,-122.616837,28.835,248.64,1316.1,21339.0,6.4623,63.578,1233,38,249.92,4281
43469872,7163,5878,37.8876016,-122.616803,28.66,247.88,1311.9,21492.0,6.4623,63.578,1233,38,248.79,4281
43471535,7164,5878,37.8875746,-122.616803,28.537,247.28,1308.9,21663.0,6.4623,63.578,1233,38,247.99,4281
43473193,7165,5878,37.8875475,-122.616804,28.414,246.49,1305.9,21708.0,6.4623,63.578,1233,38,247.2,4281
43474852,7166,5879,37.8875204,-122.61677,28.24,245.88,1301.6,21933.0,6.4623,63.578,1233,38,246.08,4281
43476510,7167,5879,37.8874933,-122.61677,28.118,245.11,1298.6,22401.0,6.4623,63.578,1233,38,245.28,4281
43478167,7168,5880,37.8874662,-122.616736,27.946,244.04,1294.4,22761.0,6.4623,63.578,1233,38,244.17,4281
43479824,7169,5881,37.887439,-122.616702,27.775,243.11,1290.1,22815.0,6.4623,63.578,1233,38,243.07,4281
43481480,7170,5881,37.887412,-122.616702,27.654,242.4,1287.1,23193.0,6.4623,63.578,1233,38,242.29,4281
43483136,7171,5882,37.8873848,-122.616668,27.484,241.28,1282.9,23472.0,6.4623,63.578,1233,38,241.19,4281
43484788,7172,5883,37.8873577,-122.616634,27.314,240.4,1278.6,23814.0,6.4623,63.578,1233,38,240.09,4281
43486439,7173,5883,37.8873307,-122.616634,27.195,239.35,1275.6,24012.0,6.4623,63.578,1233,38,239.32,4281
43488088,7174,5884,37.8873035,-122.6166,27.027,238.72,1271.4,24300.0,6.4623,63.578,1233,38,238.23,4281
43489736,7175,5884,37.8872765,-122.6166,26.908,237.83,1268.4,24552.0,6.4623,63.578,1233,38,237.47,4281
43491384,7176,5885,37.8872493,-122.616566,26.741,236.8,1264.2,24669.0,6.4623,63.578,1233,38,236.39,4281
43493032,7177,5886,37.8872222,-122.616532,26.575,235.61,1259.9,24741.0,6.4623,63.578,1233,38,235.31,4281
43494678,7178,5886,37.8871951,-122.616532,26.457,234.66,1256.9,24831.0,6.4623,63.578,1233,38,234.55,4281
43496325,7179,5887,37.887168,-122.616498,26.29,233.59,1252.7,24912.0,6.4623,63.578,1233,38,233.47,4281
43497970,7180,5887,37.8871409,-122.616499,26.173,232.9,1249.7,24948.0,6.4623,63.578,1233,38,232.71,4281
43499616,7181,5888,37.8871138,-122.616465,26.007,231.93,1245.4,24957.0,6.4623,63.578,1233,38,231.64,4281
43501263,7182,5889,37.8870866,-122.616431,25.84,230.72,1241.2,25218.0,6.4623,63.578,1233,38,230.57,4281
43502911,7183,5890,37.8870595,-122.616397,25.675,230.05,1236.9,25398.0,6.4623,63.578,1233,38,229.5,4281
43504559,7184,5890,37.8870325,-122.616397,25.558,229.47,1233.9,25659.0,6.4623,63.578,1233,38,228.74,4281
43506209,7185,5891,37.8870053,-122.616363,25.393,228.32,1229.7,25857.0,6.4623,63.578,1233,38,227.68,4281
43507859,7186,5892,37.8869782,-122.616329,25.229,226.7,1225.5,57231.0,6.4623,63.578,1233,38,226.61,4281
43509508,7187,5892,37.8869511,-122.616329,25.139,225.87,1222.5,57951.0,6.4623,63.578,1233,38,226.03,4281
43511157,7188,5892,37.8869241,-122.616329,25.049,225.47,1219.5,58185.0,6.4623,63.578,1233,38,225.45,4281
43512806,7189,5892,37.886897,-122.616329,24.959,224.99,1216.5,58581.0,6.4623,63.578,1233,38,224.87,4281
43514454,7190,5891,37.8868701,-122.616363,24.833,224.84,1212.2,59139.0,6.4623,63.578,1233,38,224.06,4282
43516103,7191,5891,37.8868431,-122.616364,24.744,224.38,1209.2,59157.0,6.4623,63.578,1233,38,223.48,4282
43517753,7192,5892,37.8868159,-122.61633,24.618,223.25,1205.0,59175.0,6.4623,63.578,1233,38,222.67,4282
43519402,7193,5892,37.8867889,-122.61633,24.529,222.13,1202.0,59490.0,6.4623,63.578,1233,38,222.09,4282
43521051,7194,5892,37.8867618,-122.61633,24.44,221.28,1199.0,59544.0,6.4623,63.578,1233,38,221.51,4282
43522696,7195,5892,37.8867348,-122.61633,24.351,220.28,1196.0,59670.0,6.4623,63.578,1233,38,220.94,4282
43524335,7196,5892,37.8867078,-122.61633,24.262,218.98,1193.0,59715.0,6.4623,63.578,1233,38,220.36,4282
43525974,7197,5892,37.8866807,-122.61633,24.173,217.71,1190.0,59868.0,6.4623,63.578,1233,38,219.79,4282
43527613,7198,5892,37.8866537,-122.61633,24.084,216.77,1187.0,60885.0,6.5253,55.04,1233,38,212.2,4283
43529248,7199,5891,37.8866268,-122.616365,23.959,215.63,1182.7,60921.0,6.5253,55.04,1233,38,211.38,4283
43530882,7200,5891,37.8865997,-122.616365,23.871,214.32,1179.7,61137.0,6.5253,55.04,1233,38,210.81,4283
43532516,7201,5891,37.8865727,-122.616365,23.783,213.56,1176.7,61209.0,6.5253,55.04,1233,38,210.23,4283
43534149,7202,5890,37.8865458,-122.616399,23.658,212.32,1172.5,61245.0,6.5253,55.04,1233,38,209.42,4283
43535782,7203,5890,37.8865187,-122.616399,23.57,211.41,1169.5,61452.0,6.5253,55.04,1233,38,208.84,4283
43537413,7204,5889,37.8864918,-122.616434,23.445,210.08,1165.2,61695.0,6.5253,55.04,1233,38,208.03,4283
43539044,7205,5889,37.8864648,-122.616434,23.357,209.18,1162.2,61884.0,6.5253,55.04,1233,38,207.45,4283
43540673,7206,5888,37.8864378,-122.616468,23.233,207.5,1158.0,63567.0,6.5253,55.04,1233,38,206.64,4283
43542302,7207,5888,37.8864108,-122.616468,23.146,206.2,1155.0,63594.0,6.5253,55.04,1233,38,206.08,4283
43543931,7208,5888,37.8863837,-122.616468,23.059,204.79,1152.0,63666.0,6.5253,55.04,1233,38,205.51,4283
43545560,7209,5888,37.8863567,-122.616469,22.972,203.99,1149.0,63747.0,6.5253,55.04,1233,38,204.94,4283
43547189,7210,5888,37.8863297,-122.616469,22.885,203.09,1146.0,63765.0,6.5253,55.04,1233,38,204.37,4283
43548818,7211,5888,37.8863026,-122.616469,22.798,202.12,1143.0,63792.0,6.5253,55.04,1233,38,203.8,4283
43550445,7212,5887,37.8862757,-122.616503,22.675,200.87,1138.8,64962.0,6.5253,55.04,1233,38,203.0,4283
43552073,7213,5887,37.8862487,-122.616503,22.588,200.24,1135.8,65061.0,6.5253,55.04,1233,38,202.44,4283
43553702,7214,5888,37.8862215,-122.616469,22.466,199.47,1131.5,65592.0,6.5253,55.04,1233,38,201.64,4283
43555330,7215,5888,37.8861945,-122.616469,22.38,198.95,1128.5,65862.0,6.5253,55.04,1233,38,201.07,4283
43556957,7216,5888,37.8861674,-122.616469,22.294,198.33,1125.5,65952.0,6.5253,55.04,1233,38,200.51,4283
43558584,7217,5888,37.8861404,-122.61647,22.207,197.66,1122.5,65970.0,6.5253,55.04,1233,38,199.95,4283
43560210,7218,5887,37.8861135,-122.616504,22.086,196.66,1118.3,66141.0,6.5253,55.04,1233,38,199.16,4283
43561834,7219,5886,37.8860865,-122.616538,21.964,195.87,1114.0,66195.0,6.5253,55.04,1233,38,198.36,4283
43563458,7220,5885,37.8860596,-122.616572,21.842,194.86,1109.8,108410.0,6.5253,55.04,1233,38,197.57,4283
43565082,7221,5884,37.8860327,-122.616607,21.739,194.72,1105.5,108500.0,6.5253,55.04,1233,38,196.89,4283
43565081,7221,5883,37.8860328,-122.616641,21.665,194.22,1102.5,108740.0,6.5253,55.04,1233,38,196.41,4283
43566705,7222,5882,37.8860059,-122.616675,21.561,193.28,1098.3,109680.0,6.5253,55.04,1233,38,195.74,4283
43568329,7223,5881,37.8859789,-122.616709,21.458,193.17,1094.1,109880.0,6.5253,55.04,1233,38,195.06,4283
43568328,7223,5880,37.8859791,-122.616743,21.385,192.47,1091.1,110300.0,6.5253,55.04,1233,38,194.58,4283
43569952,7224,5879,37.8859521,-122.616778,21.282,192.23,1086.8,110560.0,6.5253,55.04,1233,38,193.91,4284
43571576,7225,5878,37.8859252,-122.616812,21.178,191.64,1082.6,111280.0,6.5253,55.04,1233,38,193.24,4284
43571575,7225,5877,37.8859253,-122.616846,21.106,191.43,1079.6,111770.0,6.5253,55.04,1233,38,192.76,4284
43573199,7226,5876,37.8858984,-122.61688,21.003,191.43,1075.3,112040.0,6.5253,55.04,1233,38,192.09,4284
43573198,7226,5875,37.8858985,-122.616914,20.93,190.98,1072.3,112070.0,6.5253,55.04,1233,38,191.62,4284
43574821,7227,5874,37.8858716,-122.616949,20.827,190.46,1068.1,114010.0,6.5253,55.04,1233,38,190.95,4284
43574820,7227,5873,37.8858717,-122.616983,20.755,190.41,1065.1,114290.0,6.5253,55.04,1233,38,190.47,4284
43576428,7228,5872,37.8858448,-122.617017,20.653,189.87,1060.8,114350.0,6.5253,55.04,1233,38,189.81,4284
43576427,7228,5871,37.8858449,-122.617051,20.581,189.54,1057.8,114850.0,6.5253,55.04,1233,38,189.34,4284
43578033,7229,5870,37.8858179,-122.617085,20.479,188.78,1053.6,115210.0,6.5253,55.04,1233,38,188.67,4284
43578032,7229,5869,37.885818,-122.61712,20.407,188.4,1050.6,115700.0,6.5253,55.04,1233,38,188.2,4284
43579637,7230,5868,37.8857911,-122.617154,20.305,187.67,1046.4,115930.0,6.5253,55.04,1233,38,187.54,4284
43579636,7230,5867,37.8857912,-122.617188,20.233,187.24,1043.4,116530.0,6.5253,55.04,1233,38,187.07,4284
43581241,7231,5866,37.8857643,-122.617222,20.132,186.87,1039.1,117480.0,6.5253,55.04,1233,38,186.41,4284
43581240,7231,5865,37.8857644,-122.617256,20.06,186.7,1036.1,131200.0,6.5253,55.04,1233,38,185.94,4284
43582844,7232,5864,37.8857375,-122.617291,19.962,186.07,1031.9,131870.0,6.5253,55.04,1233,38,185.3,4284
43582843,7232,5863,37.8857376,-122.617325,19.893,185.63,1028.9,132070.0,6.5253,55.04,1233,38,184.85,4284
43582842,7232,5862,37.8857377,-122.617359,19.825,185.48,1025.9,132140.0,6.5253,55.04,1233,38,184.4,4284
43584444,7233,5861,37.8857108,-122.617393,19.727,185.16,1021.6,132160.0,6.5253,55.04,1233,38,183.77,4284
43584443,7233,5860,37.8857109,-122.617427,19.658,184.83,1018.6,132700.0,6.5253,55.04,1233,38,183.32,4284
43586044,7234,5859,37.885684,-122.617461,19.561,184.47,1014.4,133060.0,6.5253,55.04,1233,38,182.68,4284
43586043,7234,5858,37.8856841,-122.617495,19.492,184.29,1011.4,133240.0,6.5253,55.04,1233,38,182.23,4284
43587644,7235,5857,37.8856571,-122.61753,19.395,183.73,1007.2,133260.0,6.5253,55.04,1233,38,181.6,4284
43589244,7236,5856,37.8856302,-122.617564,19.298,183.04,1002.9,134420.0,6.5253,55.04,1233,38,180.96,4284
43589243,7236,5855,37.8856303,-122.617598,19.229,182.68,999.91,134620.0,6.5253,55.04,1233,38,180.52,4284
43589242,7236,5854,37.8856304,-122.617632,19.161,182.2,996.91,134960.0,6.5253,55.04,1233,38,180.07,4284
43589241,7236,5853,37.8856306,-122.617666,19.092,181.8,993.91,135150.0,6.5253,55.04,1233,38,179.62,4284
43590840,7237,5852,37.8856036,-122.617701,18.995,181.51,989.67,146310.0,6.1646,64.38,1233,38,181.48,4285
43592438,7238,5851,37.8855767,-122.617735,18.901,181.05,985.42,147240.0,6.1646,64.38,1233,38,180.9,4285
43594034,7239,5850,37.8855498,-122.617769,18.807,180.58,981.18,147640.0,6.1646,64.38,1233,38,180.32,4285
43595629,7240,5849,37.8855228,-122.617803,18.713,180.01,976.94,148510.0,6.1646,64.38,1233,38,179.74,4285
43597224,7241,5849,37.8854958,-122.617804,18.646,179.76,973.94,148640.0,6.1646,64.38,1233,38,179.33,4285
43598815,7242,5848,37.8854689,-122.617838,18.552,179.5,969.7,148830.0,6.1646,64.38,1233,38,178.75,4285
43598814,7242,5847,37.885469,-122.617872,18.486,179.29,966.7,149090.0,6.1646,64.38,1233,38,178.34,4285
43600405,7243,5846,37.8854421,-122.617906,18.392,179.0,962.45,149820.0,6.1646,64.38,1233,38,177.76,4285
43601995,7244,5845,37.8854151,-122.61794,18.299,178.5,958.21,149870.0,6.1646,64.38,1233,38,177.18,4285
43603583,7245,5844,37.8853882,-122.617975,18.205,177.61,953.97,150720.0,6.1646,64.38,1233,38,176.61,4285
43605169,7246,5843,37.8853613,-122.618009,18.112,176.87,949.73,150860.0,6.1646,64.38,1233,38,176.03,4285
43605168,7246,5842,37.8853614,-122.618043,18.045,176.41,946.73,151130.0,6.1646,64.38,1233,38,175.62,4285
43606753,7247,5841,37.8853345,-122.618077,17.952,175.5,942.48,151190.0,6.1646,64.38,1233,38,175.05,4285
43608337,7248,5840,37.8853075,-122.618112,17.859,174.9,938.24,151290.0,6.1646,64.38,1233,38,174.47,4285
43608336,7248,5839,37.8853076,-122.618146,17.793,174.15,935.24,151370.0,6.1646,64.38,1233,38,174.06,4285
43609919,7249,5838,37.8852807,-122.61818,17.699,173.15,931.0,152320.0,6.1646,64.38,1233,38,173.49,4285
43611501,7250,5837,37.8852538,-122.618214,17.606,172.8,926.75,153110.0,6.1646,64.38,1233,38,172.92,4285
43613082,7251,5836,37.8852269,-122.618248,17.513,171.88,922.51,153160.0,6.1646,64.38,1233,38,172.34,4285
43613081,7251,5835,37.885227,-122.618283,17.448,171.12,919.51,153910.0,6.1646,64.38,1233,38,171.94,4285
43614662,7252,5834,37.8852,-122.618317,17.355,170.42,915.27,154510.0,6.1646,64.38,1233,38,171.36,4285
43616243,7253,5834,37.885173,-122.618317,17.289,169.79,912.27,155530.0,6.1646,64.38,1233,38,170.96,4285
43617820,7254,5833,37.8851461,-122.618351,17.197,169.17,908.03,155900.0,6.1646,64.38,1233,38,170.39,4285
43619395,7255,5832,37.8851191,-122.618385,17.104,168.49,903.78,161080.0,6.1646,64.38,1233,38,169.82,4285
43620967,7256,5831,37.8850922,-122.61842,17.013,168.05,899.54,162890.0,6.1646,64.38,1233,38,169.26,4285
43622537,7257,5830,37.8850653,-122.618454,16.921,167.58,895.3,170060.0,6.1646,64.38,1233,38,168.69,4285
43624108,7258,5830,37.8850382,-122.618454,16.858,167.23,892.3,170140.0,6.1646,64.38,1233,38,168.3,4285
43625677,7259,5829,37.8850113,-122.618488,16.768,166.98,888.06,171630.0,6.1646,64.38,1233,38,167.75,4286
43627246,7260,5828,37.8849844,-122.618523,16.678,166.41,883.81,172030.0,6.1646,64.38,1233,38,167.19,4286
43628815,7261,5828,37.8849574,-122.618523,16.615,166.11,880.81,173020.0,6.1646,64.38,1233,38,166.8,4286
43630383,7262,5827,37.8849304,-122.618557,16.526,165.62,876.57,173380.0,6.1646,64.38,1233,38,166.25,4286
43631950,7263,5826,37.8849035,-122.618591,16.436,165.13,872.33,174070.0,6.1646,64.38,1233,38,165.7,4286
43633518,7264,5826,37.8848765,-122.618591,16.373,164.86,869.33,175440.0,6.1646,64.38,1233,38,165.31,4286
43635084,7265,5825,37.8848495,-122.618626,16.284,164.24,865.09,176360.0,6.1646,64.38,1233,38,164.76,4286
43636651,7266,5825,37.8848225,-122.618626,16.221,163.98,862.09,177010.0,6.1646,64.38,1233,38,164.38,4286
43638216,7267,5824,37.8847956,-122.61866,16.132,163.93,857.84,177050.0,6.1646,64.38,1233,38,163.83,4286
43639781,7268,5823,37.8847686,-122.618694,16.044,163.53,853.6,177080.0,6.1646,64.38,1233,38,163.28,4286
43641346,7269,5822,37.8847417,-122.618729,15.955,162.95,849.36,177400.0,6.1646,64.38,1233,38,162.74,4286
43642910,7270,5821,37.8847148,-122.618763,15.866,162.2,845.12,179730.0,6.1646,64.38,1233,38,162.19,4286
43644474,7271,5820,37.8846878,-122.618797,15.778,162.09,840.87,179740.0,6.1646,64.38,1233,38,161.64,4286
43646037,7272,5819,37.8846609,-122.618831,15.69,161.52,836.63,180700.0,6.1646,64.38,1233,38,161.1,4286
43647599,7273,5818,37.884634,-122.618866,15.601,160.72,832.39,181290.0,6.1646,64.38,1233,38,160.56,4286
43649160,7274,5817,37.8846071,-122.6189,15.513,159.95,828.14,181940.0,6.1646,64.38,1233,38,160.01,4286
43649159,7274,5816,37.8846072,-122.618934,15.451,159.42,825.14,183220.0,6.1646,64.38,1233,38,159.63,4286
43650719,7275,5815,37.8845802,-122.618968,15.363,158.32,820.9,184640.0,6.1646,64.38,1233,38,159.09,4286
43652279,7276,5814,37.8845533,-122.619002,15.276,158.2,816.66,184910.0,6.1646,64.38,1233,38,158.55,4286
43652278,7276,5813,37.8845534,-122.619037,15.214,158.2,813.66,185090.0,6.1646,64.38,1233,38,158.17,4286
43653837,7277,5812,37.8845265,-122.619071,15.126,157.8,809.42,185390.0,6.1646,64.38,1233,38,157.63,4286
43655395,7278,5811,37.8844996,-122.619105,15.039,157.38,805.17,186010.0,6.1646,64.38,1233,38,157.09,4286
43656952,7279,5810,37.8844726,-122.619139,14.951,156.66,800.93,186640.0,6.1646,64.38,1233,38,156.55,4286
43658507,7280,5809,37.8844457,-122.619174,14.864,156.41,796.69,186880.0,6.1646,64.38,1233,38,156.01,4286
43660063,7281,5809,37.8844187,-122.619174,14.802,155.92,793.69,187060.0,6.1646,64.38,1233,38,155.63,4286
43661617,7282,5808,37.8843917,-122.619208,14.715,155.43,789.45,187240.0,6.1646,64.38,1233,38,155.09,4286
43663170,7283,5807,37.8843648,-122.619242,14.628,154.93,785.2,187500.0,6.1646,64.38,1233,38,154.56,4287
43664722,7284,5806,37.8843379,-122.619276,14.541,154.17,780.96,188570.0,6.1646,64.38,1233,38,154.02,4287
43666274,7285,5805,37.884311,-122.619311,14.454,153.96,776.72,198930.0,6.1646,64.38,1233,38,153.48,4287
43667826,7286,5804,37.884284,-122.619345,14.368,153.83,772.48,200840.0,6.1646,64.38,1233,38,152.95,4287
43669378,7287,5803,37.8842571,-122.619379,14.283,153.66,768.23,202090.0,6.1646,64.38,1233,38,152.43,4287
43670930,7288,5802,37.8842302,-122.619413,14.198,153.55,763.99,202470.0,4.7328,86.063,1233,38,153.26,4288
43672481,7289,5801,37.8842033,-122.619448,14.113,153.27,759.75,202500.0,4.7328,86.063,1233,38,152.86,4288
43674033,7290,5800,37.8841763,-122.619482,14.028,153.03,755.51,203190.0,4.7328,86.063,1233,38,152.46,4288
43674032,7290,5799,37.8841764,-122.619516,13.968,152.74,752.51,209090.0,4.7328,86.063,1233,38,152.17,4288
43675586,7291,5798,37.8841495,-122.61955,13.884,152.23,748.26,209680.0,4.7328,86.063,1233,38,151.77,4288
43675585,7291,5797,37.8841496,-122.619584,13.824,151.77,745.26,209700.0,4.7328,86.063,1233,38,151.49,4288
43675584,7291,5796,37.8841497,-122.619619,13.765,150.92,742.26,212130.0,4.7328,86.063,1233,38,151.21,4288
43677139,7292,5795,37.8841228,-122.619653,13.681,150.4,738.02,213020.0,4.7328,86.063,1233,38,150.81,4288
43678698,7293,5794,37.8840959,-122.619687,13.597,150.4,733.78,213830.0,4.7328,86.063,1233,38,150.42,4288
43680260,7294,5793,37.8840689,-122.619721,13.514,150.4,729.54,217240.0,4.7328,86.063,1233,38,150.02,4288
43681822,7295,5792,37.884042,-122.619756,13.431,150.4,725.29,218320.0,4.7328,86.063,1233,38,149.63,4288
43683384,7296,5791,37.8840151,-122.61979,13.348,149.87,721.05,218400.0,4.7328,86.063,1233,38,149.24,4288
43683383,7296,5790,37.8840152,-122.619824,13.289,149.55,718.05,218690.0,4.7328,86.063,1233,38,148.96,4288
43684945,7297,5789,37.8839883,-122.619858,13.206,149.22,713.81,218800.0,4.7328,86.063,1233,38,148.56,4288
43686507,7298,5788,37.8839613,-122.619893,13.123,148.44,709.56,219560.0,4.7328,86.063,1233,38,148.17,4288
43688069,7299,5787,37.8839344,-122.619927,13.04,147.54,705.32,220740.0,4.7328,86.063,1233,38,147.78,4288
43689633,7300,5786,37.8839075,-122.619961,12.957,147.12,701.08,221070.0,4.7328,86.063,1233,38,147.39,4288
43691197,7301,5785,37.8838806,-122.619995,12.875,146.76,696.84,221470.0,4.7328,86.063,1233,38,147.0,4288
43692762,7302,5785,37.8838535,-122.619995,12.816,146.42,693.84,221840.0,4.7328,86.063,1233,38,146.72,4288
43694326,7303,5784,37.8838266,-122.62003,12.734,146.08,689.59,222390.0,4.7328,86.063,1233,38,146.33,4288
43695890,7304,5783,37.8837997,-122.620064,12.651,145.83,685.35,222520.0,4.7328,86.063,1233,38,145.94,4288
43697454,7305,5782,37.8837727,-122.620098,12.569,145.27,681.11,222680.0,4.7328,86.063,1233,38,145.55,4288
43697453,7305,5781,37.8837728,-122.620132,12.51,144.62,678.11,223330.0,4.7328,86.063,1233,38,145.27,4288
43699017,7306,5780,37.8837459,-122.620167,12.428,144.1,673.87,223790.0,4.7328,86.063,1233,38,144.88,4288
43700582,7307,5780,37.8837189,-122.620167,12.37,143.77,670.87,224180.0,4.7328,86.063,1233,38,144.61,4288
43702146,7308,5779,37.8836919,-122.620201,12.287,143.71,666.62,224850.0,4.7328,86.063,1233,38,144.22,4288
43703711,7309,5779,37.8836649,-122.620201,12.229,143.71,663.62,224890.0,4.7328,86.063,1233,38,143.94,4289
43705275,7310,5778,37.883638,-122.620235,12.147,143.71,659.38,225020.0,4.7328,86.063,1233,38,143.55,4289
43706840,7311,5778,37.8836109,-122.620235,12.089,143.34,656.38,225380.0,4.7328,86.063,1233,38,143.28,4289
43708404,7312,5777,37.883584,-122.62027,12.007,142.75,652.14,225650.0,4.7328,86.063,1233,38,142.89,4289
43709968,7313,5777,37.883557,-122.62027,11.949,142.51,649.14,226170.0,4.7328,86.063,1233,38,142.61,4289
43711532,7314,5777,37.8835299,-122.62027,11.891,142.44,646.14,226220.0,4.7328,86.063,1233,38,142.34,4289
43713095,7315,5776,37.883503,-122.620304,11.809,141.96,641.9,226550.0,4.7328,86.063,1233,38,141.95,4289
43714659,7316,5776,37.883476,-122.620304,11.751,141.33,638.9,227140.0,4.7328,86.063,1233,38,141.68,4289
43716222,7317,5775,37.883449,-122.620339,11.669,140.81,634.65,227720.0,4.7328,86.063,1233,38,141.29,4289
43717785,7318,5774,37.8834221,-122.620373,11.587,140.26,630.41,228020.0,4.7328,86.063,1233,38,140.9,4289
43719349,7319,5774,37.8833951,-122.620373,11.529,139.94,627.41,236360.0,4.7328,86.063,1233,38,140.63,4289
43720912,7320,5773,37.8833681,-122.620407,11.448,139.78,623.17,237460.0,4.7328,86.063,1233,38,140.24,4289
43722475,7321,5772,37.8833412,-122.620442,11.367,139.51,618.93,237910.0,4.7328,86.063,1233,38,139.86,4289
43724038,7322,5771,37.8833143,-122.620476,11.286,139.15,614.68,238610.0,4.7328,86.063,1233,38,139.48,4289
43725602,7323,5771,37.8832872,-122.620476,11.229,138.87,611.68,239200.0,4.7328,86.063,1233,38,139.21,4289
43727165,7324,5770,37.8832603,-122.62051,11.149,138.68,607.44,239870.0,4.7328,86.063,1233,38,138.83,4289
43728728,7325,5769,37.8832334,-122.620544,11.068,138.68,603.2,240110.0,4.7328,86.063,1233,38,138.45,4289
43730292,7326,5769,37.8832063,-122.620545,11.011,138.37,600.2,240520.0,4.7328,86.063,1233,38,138.18,4289
43731855,7327,5768,37.8831794,-122.620579,10.931,137.74,595.96,241380.0,4.7328,86.063,1233,38,137.8,4289
43733418,7328,5767,37.8831525,-122.620613,10.85,137.09,591.71,241940.0,4.7328,86.063,1233,38,137.42,4289
43734981,7329,5766,37.8831256,-122.620647,10.77,136.81,587.47,242240.0,4.7328,86.063,1233,38,137.04,4289
43736547,7330,5765,37.8830986,-122.620682,10.69,136.46,583.23,242350.0,4.7328,86.063,1233,38,136.66,4289
43738117,7331,5765,37.8830716,-122.620682,10.633,136.11,580.23,243280.0,4.7328,86.063,1233,38,136.39,4289
43739686,7332,5764,37.8830447,-122.620716,10.553,136.1,575.98,243700.0,4.7328,86.063,1233,38,136.01,4289
43739685,7332,5763,37.8830448,-122.62075,10.496,135.78,572.98,244330.0,4.7328,86.063,1233,38,135.74,4289
43739684,7332,5762,37.8830449,-122.620784,10.44,135.63,569.98,244550.0,4.7328,86.063,1233,38,135.47,4289
43739683,7332,5761,37.883045,-122.620818,10.383,135.61,566.98,244700.0,4.7328,86.063,1233,38,135.2,4289
43739682,7332,5760,37.8830451,-122.620852,10.326,135.61,563.98,244930.0,4.7328,86.063,1233,38,134.94,4289
43741252,7333,5759,37.8830182,-122.620887,10.246,135.61,559.74,245680.0,4.7328,86.063,1233,38,134.56,4290
43739680,7332,5758,37.8830453,-122.620921,10.166,135.61,555.5,245760.0,4.7328,86.063,1233,38,134.18,4290
43738109,7331,5757,37.8830725,-122.620955,10.086,135.6,551.26,246300.0,5.814,80.049,1233,38,138.69,4291
43738108,7331,5756,37.8830726,-122.620989,10.03,135.55,548.26,246330.0,5.814,80.049,1233,38,138.36,4291
43739677,7332,5755,37.8830457,-122.621023,9.9501,135.55,544.01,247120.0,5.814,80.049,1233,38,137.9,4291
43741249,7333,5756,37.8830185,-122.620989,9.8703,135.55,539.77,247160.0,5.814,80.049,1233,38,137.43,4291
43742819,7334,5755,37.8829916,-122.621023,9.7906,135.55,535.53,247270.0,5.814,80.049,1233,38,136.97,4291
43744389,7335,5754,37.8829646,-122.621058,9.7108,135.55,531.29,247720.0,5.814,80.049,1233,38,136.51,4291
43745959,7336,5753,37.8829377,-122.621092,9.6311,135.55,527.04,248040.0,5.814,80.049,1233,38,136.04,4291
43747529,7337,5752,37.8829108,-122.621126,9.5514,135.52,522.8,248150.0,5.814,80.049,1233,38,135.58,4291
43749099,7338,5751,37.8828839,-122.62116,9.4717,135.45,518.56,248220.0,5.814,80.049,1233,38,135.12,4291
43750669,7339,5750,37.8828569,-122.621195,9.392,135.42,514.32,248480.0,5.814,80.049,1233,38,134.65,4291
43749097,7338,5749,37.8828841,-122.621229,9.3124,135.41,510.07,248510.0,5.814,80.049,1233,38,134.19,4291
43747526,7337,5749,37.8829111,-122.621228,9.2561,135.41,507.07,248620.0,5.814,80.049,1233,38,133.86,4291
43745955,7336,5749,37.8829382,-122.621228,9.1998,135.36,504.07,248660.0,5.814,80.049,1233,38,133.54,4291
43744384,7335,5749,37.8829652,-122.621228,9.1435,135.1,501.07,248680.0,5.814,80.049,1233,38,133.21,4291
43742812,7334,5748,37.8829923,-122.621262,9.0639,134.48,496.83,248690.0,5.814,80.049,1233,38,132.75,4291
43741240,7333,5747,37.8830195,-122.621296,8.9842,133.01,492.59,248860.0,5.814,80.049,1233,38,132.28,4291
43739668,7332,5746,37.8830466,-122.62133,8.9046,131.74,488.35,249590.0,5.814,80.049,1233,38,131.82,4291
43739667,7332,5745,37.8830467,-122.621364,8.8484,131.74,485.35,250060.0,5.814,80.049,1233,38,131.49,4291
43739666,7332,5744,37.8830469,-122.621398,8.7922,131.74,482.35,250060.0,5.814,80.049,1233,38,131.17,4291
43739665,7332,5743,37.883047,-122.621432,8.736,131.55,479.35,250170.0,5.814,80.049,1233,38,130.84,4291
43739664,7332,5742,37.8830471,-122.621467,8.6798,130.83,476.35,253290.0,5.814,80.049,1233,38,130.51,4291
43739663,7332,5741,37.8830472,-122.621501,8.6238,130.69,473.35,253500.0,5.814,80.049,1233,38,130.19,4291
43739662,7332,5740,37.8830473,-122.621535,8.5679,130.69,470.35,253560.0,5.814,80.049,1233,38,129.86,4291
43738091,7331,5739,37.8830744,-122.621569,8.4887,130.01,466.1,253670.0,5.814,80.049,1233,38,129.4,4291
43738090,7331,5738,37.8830746,-122.621603,8.4328,129.8,463.1,253690.0,5.814,80.049,1233,38,129.08,4291
43736519,7330,5737,37.8831017,-122.621637,8.3537,129.1,458.86,254050.0,5.814,80.049,1233,38,128.62,4291
43736518,7330,5736,37.8831018,-122.621671,8.2978,129.04,455.86,254070.0,5.814,80.049,1233,38,128.29,4291
43738087,7331,5735,37.8830749,-122.621705,8.2187,128.59,451.62,254200.0,5.814,80.049,1233,38,127.83,4291
43738086,7331,5734,37.883075,-122.621739,8.1628,128.37,448.62,254220.0,5.814,80.049,1233,38,127.51,4292
43739655,7332,5733,37.8830481,-122.621774,8.0837,128.11,444.37,254460.0,5.814,80.049,1233,38,127.05,4292
43739654,7332,5732,37.8830482,-122.621808,8.0278,127.8,441.37,254520.0,5.814,80.049,1233,38,126.72,4292
43739653,7332,5731,37.8830483,-122.621842,7.9719,127.53,438.37,254540.0,5.814,80.049,1233,38,126.4,4292
43738082,7331,5730,37.8830754,-122.621876,7.8929,126.6,434.13,254580.0,5.814,80.049,1233,38,125.94,4292
43736511,7330,5729,37.8831026,-122.62191,7.8139,126.13,429.89,255080.0,5.814,80.049,1233,38,125.48,4292
43736510,7330,5728,37.8831027,-122.621944,7.758,125.69,426.89,255280.0,5.814,80.049,1233,38,125.15,4292
43738079,7331,5727,37.8830758,-122.621978,7.6791,125.46,422.65,255310.0,5.814,80.049,1233,38,124.69,4292
43738078,7331,5726,37.8830759,-122.622012,7.6233,124.89,419.65,255340.0,5.814,80.049,1233,38,124.37,4292
43738077,7331,5725,37.883076,-122.622046,7.5674,124.44,416.65,255480.0,5.814,80.049,1233,38,124.05,4292
43738076,7331,5724,37.8830761,-122.62208,7.5116,124.15,413.65,255490.0,5.814,80.049,1233,38,123.72,4292
43738075,7331,5723,37.8830762,-122.622115,7.4558,123.66,410.65,255550.0,5.814,80.049,1233,38,123.4,4292
43739644,7332,5722,37.8830493,-122.622149,7.3769,122.81,406.4,255660.0,5.814,80.049,1233,38,122.94,4292
43739643,7332,5721,37.8830494,-122.622183,7.3211,122.56,403.4,255910.0,5.814,80.049,1233,38,122.61,4292
43741213,7333,5720,37.8830225,-122.622217,7.2422,122.55,399.16,255920.0,5.814,80.049,1233,38,122.15,4292
43742783,7334,5719,37.8829955,-122.622251,7.1633,122.05,394.92,255980.0,5.814,80.049,1233,38,121.7,4292
43744353,7335,5718,37.8829686,-122.622286,7.0844,121.77,390.68,256040.0,5.814,80.049,1233,38,121.24,4292
43745924,7336,5718,37.8829416,-122.622286,7.0286,121.48,387.68,256120.0,5.814,80.049,1233,38,120.91,4292
43747495,7337,5718,37.8829145,-122.622286,6.9728,121.27,384.68,256310.0,5.814,80.049,1233,38,120.59,4292
43749067,7338,5719,37.8828874,-122.622252,6.894,120.96,380.43,256400.0,5.814,80.049,1233,38,120.13,4292
43750639,7339,5720,37.8828602,-122.622218,6.8151,120.59,376.19,256530.0,5.814,80.049,1233,38,119.67,4292
43752211,7340,5721,37.8828331,-122.622184,6.7363,119.98,371.95,256650.0,5.814,80.049,1233,38,119.21,4292
43753782,7341,5721,37.882806,-122.622184,6.6806,119.0,368.95,256790.0,5.814,80.049,1233,38,118.89,4292
43755354,7342,5722,37.8827789,-122.62215,6.6018,117.88,364.71,256950.0,5.814,80.049,1233,38,118.43,4292
43756923,7343,5723,37.8827517,-122.622116,6.523,116.84,360.46,257120.0,5.814,80.049,1233,38,117.97,4292
43758489,7344,5723,37.8827247,-122.622116,6.4673,116.22,357.46,257260.0,5.814,80.049,1233,38,117.65,4292
43760056,7345,5724,37.8826975,-122.622082,6.3885,115.49,353.22,257640.0,5.814,80.049,1233,38,117.19,4292
43761623,7346,5724,37.8826705,-122.622083,6.3328,115.01,350.22,257660.0,5.814,80.049,1233,38,116.87,4292
43763191,7347,5724,37.8826435,-122.622083,6.2772,114.16,347.22,257720.0,5.814,80.049,1233,38,116.54,4293
43764759,7348,5724,37.8826164,-122.622083,6.2215,113.6,344.22,258460.0,12.457,38.396,1233,38,115.89,4294
43766328,7349,5724,37.8825894,-122.622083,6.1659,113.6,341.22,258630.0,12.457,38.396,1233,38,115.2,4294
43767898,7350,5724,37.8825624,-122.622083,6.1103,113.6,338.22,258700.0,12.457,38.396,1233,38,114.51,4294
43769468,7351,5724,37.8825353,-122.622083,6.0547,113.6,335.22,258720.0,12.457,38.396,1233,38,113.82,4294
43771039,7352,5724,37.8825083,-122.622083,5.9991,113.39,332.22,258730.0,12.457,38.396,1233,38,113.12,4294
43772611,7353,5724,37.8824812,-122.622083,5.9435,112.61,329.22,258760.0,12.457,38.396,1233,38,112.43,4294
43774185,7354,5724,37.8824542,-122.622084,5.8879,111.26,326.22,258800.0,12.457,38.396,1233,38,111.74,4294
43775760,7355,5724,37.8824272,-122.622084,5.8323,110.48,323.22,258870.0,12.457,38.396,1233,38,111.05,4294
43777336,7356,5725,37.8824,-122.62205,5.7537,109.46,318.98,261110.0,12.457,38.396,1233,38,110.07,4294
43778911,7357,5725,37.882373,-122.62205,5.6983,109.46,315.98,261120.0,12.457,38.396,1233,38,109.38,4294
43780487,7358,5726,37.8823458,-122.622016,5.6199,108.51,311.74,261170.0,12.457,38.396,1233,38,108.4,4294
43782062,7359,5726,37.8823188,-122.622016,5.5645,107.33,308.74,261250.0,12.457,38.396,1233,38,107.71,4294
43783637,7360,5726,37.8822918,-122.622016,5.5091,106.44,305.74,261310.0,12.457,38.396,1233,38,107.02,4294
43785212,7361,5726,37.8822647,-122.622016,5.4537,105.65,302.74,261530.0,12.457,38.396,1233,38,106.33,4294
43786787,7362,5726,37.8822377,-122.622016,5.3983,105.17,299.74,261700.0,12.457,38.396,1233,38,105.64,4294
43788363,7363,5727,37.8822105,-122.621983,5.3199,103.66,295.49,262180.0,12.457,38.396,1233,38,104.66,4294
43789944,7364,5727,37.8821835,-122.621983,5.2646,103.18,292.49,262260.0,12.457,38.396,1233,38,103.97,4294
43791527,7365,5727,37.8821564,-122.621983,5.2092,102.52,289.49,262460.0,12.457,38.396,1233,38,103.28,4294
43793110,7366,5727,37.8821294,-122.621983,5.1539,102.26,286.49,262470.0,12.457,38.396,1233,38,102.6,4294
43794693,7367,5727,37.8821024,-122.621983,5.0985,101.78,283.49,262600.0,12.457,38.396,1233,38,101.91,4294
43796276,7368,5727,37.8820753,-122.621983,5.0432,101.16,280.49,262710.0,12.457,38.396,1233,38,101.22,4294
43797859,7369,5727,37.8820483,-122.621983,4.9879,100.56,277.49,262770.0,12.457,38.396,1233,38,100.53,4294
43799447,7370,5728,37.8820211,-122.621949,4.9097,98.794,273.25,262810.0,12.457,38.396,1233,38,99.554,4294
43801034,7371,5728,37.8819941,-122.62195,4.8544,97.537,270.25,264230.0,12.457,38.396,1233,38,98.865,4294
43802621,7372,5728,37.8819671,-122.62195,4.7991,96.785,267.25,265270.0,12.457,38.396,1233,38,98.177,4294
43804208,7373,5728,37.88194,-122.62195,4.744,95.934,264.25,266080.0,12.457,38.396,1233,38,97.49,4294
43805795,7374,5728,37.881913,-122.62195,4.6889,95.453,261.25,266230.0,12.457,38.396,1233,38,96.803,4294
43807382,7375,5728,37.881886,-122.62195,4.6338,95.166,258.25,266260.0,12.457,38.396,1233,38,96.117,4294
43808969,7376,5728,37.8818589,-122.62195,4.5787,94.894,255.25,266780.0,12.457,38.396,1233,38,95.431,4294
43810555,7377,5728,37.8818319,-122.62195,4.5237,94.769,252.25,266800.0,12.457,38.396,1233,38,94.745,4294
43812141,7378,5729,37.8818047,-122.621916,4.4458,94.011,248.01,266850.0,12.457,38.396,1233,38,93.776,4294
43813717,7379,5729,37.8817777,-122.621916,4.3908,92.936,245.01,266880.0,12.457,38.396,1233,38,93.09,4294
43815294,7380,5730,37.8817505,-122.621883,4.3129,92.084,240.76,268880.0,12.457,38.396,1233,38,92.12,4295
43816870,7381,5730,37.8817235,-122.621883,4.258,91.105,237.76,269280.0,12.457,38.396,1233,38,91.436,4295
43818446,7382,5730,37.8816965,-122.621883,4.2031,90.718,234.76,269370.0,12.457,38.396,1233,38,90.753,4295
43820022,7383,5731,37.8816693,-122.621849,4.1255,90.657,230.52,269410.0,12.457,38.396,1233,38,89.786,4295
43821597,7384,5731,37.8816423,-122.621849,4.0707,90.469,227.52,269480.0,12.457,38.396,1233,38,89.102,4295
43823172,7385,5732,37.8816151,-122.621815,3.9931,90.088,223.28,269500.0,12.457,38.396,1233,38,88.136,4295
43824746,7386,5732,37.8815881,-122.621815,3.9382,89.68,220.28,269510.0,12.457,38.396,1233,38,87.452,4295
43826318,7387,5731,37.8815612,-122.621849,3.8606,88.506,216.04,269880.0,12.457,38.396,1233,38,86.486,4295
43827886,7388,5732,37.881534,-122.621815,3.783,88.296,211.79,269900.0,12.457,38.396,1233,38,85.519,4295
43829453,7389,5732,37.881507,-122.621816,3.7282,87.273,208.79,269910.0,12.457,38.396,1233,38,84.836,4295
43831018,7390,5732,37.8814799,-122.621816,3.6733,86.062,205.79,270230.0,12.457,38.396,1233,38,84.153,4295
43832583,7391,5732,37.8814529,-122.621816,3.6185,85.419,202.79,270390.0,12.457,38.396,1233,38,83.47,4295
43834149,7392,5733,37.8814257,-122.621782,3.541,84.906,198.55,270520.0,12.457,38.396,1233,38,82.504,4295
43835715,7393,5734,37.8813986,-122.621748,3.4635,83.812,194.31,270540.0,12.457,38.396,1233,38,81.539,4295
43837279,7394,5734,37.8813716,-122.621748,3.4087,83.102,191.31,273780.0,12.457,38.396,1233,38,80.856,4295
43838834,7395,5734,37.8813445,-122.621748,3.3541,83.102,188.31,273790.0,12.457,38.396,1233,38,80.176,4295
43840384,7396,5733,37.8813176,-122.621782,3.2769,82.502,184.07,273810.0,12.457,38.396,1233,38,79.215,4295
43841934,7397,5732,37.8812907,-122.621817,3.1997,82.062,179.82,273940.0,12.457,38.396,1233,38,78.253,4295
43843476,7398,5732,37.8812636,-122.621817,3.1451,81.128,176.82,273980.0,12.457,38.396,1233,38,77.573,4295
43845017,7399,5732,37.8812366,-122.621817,3.0905,79.714,173.82,274010.0,12.457,38.396,1233,38,76.893,4295
43846558,7400,5732,37.8812095,-122.621817,3.0359,78.451,170.82,274030.0,12.457,38.396,1233,38,76.213,4295
43848099,7401,5732,37.8811825,-122.621817,2.9813,77.454,167.82,274050.0,12.457,38.396,1233,38,75.533,4295
43849640,7402,5732,37.8811555,-122.621817,2.9268,76.4,164.82,274060.0,12.457,38.396,1233,38,74.853,4295
43851182,7403,5733,37.8811283,-122.621783,2.8496,75.617,160.58,274070.0,12.457,38.396,1233,38,73.892,4295
43852724,7404,5734,37.8811012,-122.621749,2.7724,73.319,156.34,274100.0,12.457,38.396,1233,38,72.93,4295
43854265,7405,5734,37.8810741,-122.62175,2.7178,72.648,153.34,275670.0,12.457,38.396,1233,38,72.251,4295
43855806,7406,5734,37.8810471,-122.62175,2.6634,72.353,150.34,275710.0,12.457,38.396,1233,38,71.572,4295
43857342,7407,5734,37.8810201,-122.62175,2.6089,72.033,147.34,275730.0,12.457,38.396,1233,38,70.894,4295
43858871,7408,5734,37.880993,-122.62175,2.5544,71.286,144.34,275740.0,12.457,38.396,1233,38,70.215,4295
43860400,7409,5734,37.880966,-122.62175,2.4999,70.238,141.34,275750.0,12.457,38.396,1233,38,69.536,4295
43861928,7410,5734,37.8809389,-122.62175,2.4455,69.312,138.34,275760.0,12.457,38.396,1233,38,68.858,4296
43863454,7411,5734,37.8809119,-122.62175,2.391,68.582,135.34,275970.0,12.457,38.396,1233,38,68.179,4296
43864978,7412,5733,37.880885,-122.621785,2.314,68.228,131.1,275980.0,12.457,38.396,1233,38,67.22,4296
43866499,7413,5732,37.880858,-122.621819,2.237,67.11,126.85,275980.0,12.457,38.396,1233,38,66.261,4296
43866498,7413,5731,37.8808582,-122.621853,2.1825,65.617,123.85,276030.0,12.457,38.396,1233,38,65.583,4296
43868016,7414,5730,37.8808312,-122.621887,2.1055,63.98,119.61,276040.0,12.457,38.396,1233,38,64.623,4296
43869529,7415,5729,37.8808043,-122.621921,2.0285,61.49,115.37,276140.0,12.457,38.396,1233,38,63.664,4296
43871040,7416,5729,37.8807773,-122.621922,1.9741,60.807,112.37,276230.0,12.457,38.396,1233,38,62.986,4296
43872548,7417,5728,37.8807503,-122.621956,1.8971,60.105,108.12,276240.0,12.457,38.396,1233,38,62.027,4296
43874054,7418,5727,37.8807234,-122.62199,1.8201,58.706,103.88,276250.0,12.457,38.396,1233,38,61.068,4296
43875557,7419,5726,37.8806965,-122.622024,1.7431,56.335,99.64,276260.0,12.457,38.396,1233,38,60.109,4296
43877057,7420,5725,37.8806695,-122.622059,1.6661,53.235,95.397,276260.0,12.457,38.396,1233,38,59.15,4296
43878553,7421,5724,37.8806426,-122.622093,1.5891,51.028,91.154,310550.0,12.457,38.396,1233,38,58.191,4296
43407679,7126,5900,37.8885996,-122.616047,36.59,272.17,1422.9,18.0,4.6387,111.05,1234,38,280.78,4297
43409382,7127,5900,37.8885725,-122.616048,35.4,271.27,1419.9,27.0,4.6387,111.05,1234,38,275.26,4297
43411085,7128,5900,37.8885455,-122.616048,34.355,270.5,1416.9,5067.0,4.6387,111.05,1234,38,270.41,4297
43412788,7129,5900,37.8885185,-122.616048,34.16,269.75,1413.9,5166.0,4.6387,111.05,1234,38,269.5,4297
43414491,7130,5900,37.8884914,-122.616048,33.965,268.97,1410.9,5292.0,4.6387,111.05,1234,38,268.6,4297
43416194,7131,5900,37.8884644,-122.616048,33.772,268.15,1407.9,5400.0,4.6387,111.05,1234,38,267.71,4297
43417898,7132,5901,37.8884372,-122.616014,33.501,266.95,1403.6,5427.0,4.6387,111.05,1234,38,266.45,4297
43419591,7133,5901,37.8884102,-122.616014,33.309,266.17,1400.6,5436.0,4.6387,111.05,1234,38,265.56,4297
43421283,7134,5901,37.8883832,-122.616014,33.118,265.38,1397.6,5553.0,4.6387,111.05,1234,38,264.67,4297
43422975,7135,5901,37.8883561,-122.616015,32.928,264.51,1394.6,5607.0,4.6387,111.05,1234,38,263.79,4297
43424668,7136,5902,37.888329,-122.615981,32.66,263.57,1390.4,6876.0,4.6387,111.05,1234,38,262.55,4297
43426356,7137,5902,37.8883019,-122.615981,32.483,262.75,1387.4,6885.0,4.6387,111.05,1234,38,261.72,4297
43428043,7138,5902,37.8882749,-122.615981,32.305,261.93,1384.4,6894.0,4.6387,111.05,1234,38,260.9,4297
43429729,7139,5902,37.8882479,-122.615981,32.128,261.19,1381.4,6903.0,4.6387,111.05,1234,38,260.08,4297
43431414,7140,5902,37.8882208,-122.615981,31.951,260.49,1378.4,6912.0,4.6387,111.05,1234,38,259.26,4297
43433097,7141,5902,37.8881938,-122.615981,31.773,259.7,1375.4,6921.0,4.6387,111.05,1234,38,258.43,4297
43434779,7142,5902,37.8881667,-122.615981,31.596,259.1,1372.4,6930.0,4.6387,111.05,1234,38,257.61,4297
43436460,7143,5902,37.8881397,-122.615982,31.419,258.15,1369.4,6939.0,4.6387,111.05,1234,38,256.79,4297
43438141,7144,5902,37.8881127,-122.615982,31.242,257.35,1366.4,6948.0,4.6387,111.05,1234,38,255.97,4297
43439820,7145,5902,37.8880856,-122.615982,31.065,256.58,1363.4,6957.0,4.6387,111.05,1234,38,255.15,4297
43441498,7146,5902,37.8880586,-122.615982,30.888,255.76,1360.4,6966.0,4.6387,111.05,1234,38,254.33,4297
43443175,7147,5902,37.8880315,-122.615982,30.712,254.9,1357.4,6975.0,4.6387,111.05,1234,38,253.51,4297
43444851,7148,5902,37.8880045,-122.615982,30.535,254.05,1354.4,6984.0,4.6387,111.05,1234,38,252.69,4297
43446527,7149,5902,37.8879775,-122.615982,30.358,253.26,1351.4,6993.0,4.6387,111.05,1234,38,251.87,4297
43448202,7150,5902,37.8879504,-122.615983,30.182,252.33,1348.4,7002.0,4.6387,111.05,1234,38,251.05,4297
43449876,7151,5902,37.8879234,-122.615983,30.005,251.4,1345.4,9198.0,4.6387,111.05,1234,38,250.23,4297
43451550,7152,5902,37.8878964,-122.615983,29.844,250.48,1342.4,14103.0,4.6387,111.05,1234,38,249.48,4297
43453223,7153,5902,37.8878693,-122.615983,29.703,249.59,1339.4,16110.0,4.6387,111.05,1234,38,248.83,4297
43454895,7154,5902,37.8878423,-122.615983,29.568,248.69,1336.4,16137.0,4.6387,111.05,1234,38,248.2,4297
43456565,7155,5902,37.8878152,-122.615983,29.432,248.09,1333.4,17406.0,4.6387,111.05,1234,38,247.58,4297
43458235,7156,5902,37.8877882,-122.615983,29.301,247.61,1330.4,17469.0,4.6387,111.05,1234,38,246.96,4297
43459902,7157,5902,37.8877612,-122.615984,29.169,246.68,1327.4,17865.0,4.6387,111.05,1234,38,246.35,4297
43461570,7158,5903,37.887734,-122.61595,28.984,246.04,1323.1,19737.0,4.6387,111.05,1234,38,245.5,4297
43463237,7159,5903,37.887707,-122.61595,28.857,245.37,1320.1,19827.0,4.6387,111.05,1234,38,244.91,4298
43464902,7160,5902,37.88768,-122.615984,28.678,244.43,1315.9,20232.0,4.6387,111.05,1234,38,244.08,4298
43466568,7161,5902,37.887653,-122.615984,28.553,243.83,1312.9,20277.0,4.6387,111.05,1234,38,243.5,4298
43468233,7162,5902,37.887626,-122.615984,28.427,243.23,1309.9,20619.0,4.6387,111.05,1234,38,242.91,4298
43469896,7163,5902,37.8875989,-122.615984,28.302,242.6,1306.9,20691.0,4.6387,111.05,1234,38,242.33,4298
43471559,7164,5902,37.8875719,-122.615985,28.178,242.02,1303.9,20718.0,4.6387,111.05,1234,38,241.75,4298
43473217,7165,5902,37.8875449,-122.615985,28.053,241.51,1300.9,20799.0,4.6387,111.05,1234,38,241.18,4298
43474875,7166,5902,37.8875178,-122.615985,27.928,240.96,1297.9,26838.0,4.6387,111.05,1234,38,240.6,4298
43476533,7167,5902,37.8874908,-122.615985,27.814,240.44,1294.9,26856.0,4.6387,111.05,1234,38,240.07,4298
43478188,7168,5901,37.8874638,-122.616019,27.651,239.88,1290.6,27243.0,4.6387,111.05,1234,38,239.31,4298
43479844,7169,5901,37.8874368,-122.616019,27.537,239.53,1287.6,27783.0,4.6387,111.05,1234,38,238.78,4298
43481500,7170,5901,37.8874098,-122.61602,27.423,239.0,1284.6,27801.0,4.6387,111.05,1234,38,238.26,4298
43483155,7171,5901,37.8873827,-122.61602,27.31,238.39,1281.6,28089.0,4.6387,111.05,1234,38,237.73,4298
43484806,7172,5901,37.8873557,-122.61602,27.197,237.86,1278.6,28350.0,4.6387,111.05,1234,38,237.21,4298
43486457,7173,5901,37.8873287,-122.61602,27.084,237.45,1275.6,28467.0,4.6387,111.05,1234,38,236.68,4298
43488104,7174,5900,37.8873017,-122.616054,26.925,236.96,1271.4,29034.0,4.6387,111.05,1234,38,235.94,4298
43489751,7175,5899,37.8872748,-122.616088,26.766,236.45,1267.2,29043.0,4.6387,111.05,1234,38,235.21,4298
43491397,7176,5898,37.8872479,-122.616123,26.608,235.35,1262.9,29304.0,4.6387,111.05,1234,38,234.47,4298
43493043,7177,5897,37.8872209,-122.616157,26.45,234.67,1258.7,29403.0,4.6387,111.05,1234,38,233.74,4298
43494689,7178,5897,37.8871939,-122.616157,26.339,233.93,1255.7,29853.0,4.6387,111.05,1234,38,233.23,4298
43496334,7179,5896,37.887167,-122.616191,26.182,232.77,1251.4,29916.0,4.6387,111.05,1234,38,232.5,4298
43497979,7180,5896,37.8871399,-122.616192,26.071,232.14,1248.4,30276.0,4.6387,111.05,1234,38,231.98,4298
43499623,7181,5895,37.887113,-122.616226,25.915,231.46,1244.2,30285.0,4.6387,111.05,1234,38,231.26,4298
43501268,7182,5894,37.8870861,-122.61626,25.759,230.16,1239.9,30753.0,4.6387,111.05,1234,38,230.53,4298
43502915,7183,5894,37.887059,-122.61626,25.649,229.92,1236.9,30870.0,4.6387,111.05,1234,38,230.02,4298
43504562,7184,5893,37.8870321,-122.616294,25.493,229.1,1232.7,30888.0,4.6387,111.05,1234,38,229.3,4298
43506211,7185,5893,37.8870051,-122.616295,25.384,228.25,1229.7,31158.0,4.6387,111.05,1234,38,228.79,4298
43449828,7151,5854,37.8879287,-122.61762,33.734,259.45,1398.8,1539.0,2.4067,179.79,1235,38,260.98,4299
43449829,7151,5855,37.8879286,-122.617586,33.448,259.34,1395.8,1557.0,2.4067,179.79,1235,38,260.29,4299
43449830,7151,5856,37.8879285,-122.617552,33.162,258.98,1392.8,4248.0,2.4067,179.79,1235,38,259.6,4299
43451505,7152,5857,37.8879014,-122.617518,32.869,258.6,1388.5,4266.0,2.4067,179.79,1235,38,258.9,4299
43451506,7152,5858,37.8879012,-122.617484,32.663,258.36,1385.5,4275.0,2.4067,179.79,1235,38,258.4,4299
43451507,7152,5859,37.8879011,-122.61745,32.456,257.99,1382.5,4284.0,2.4067,179.79,1235,38,257.9,4299
43451508,7152,5860,37.887901,-122.617416,32.25,257.49,1379.5,5112.0,2.4067,179.79,1235,38,257.4,4299
43451509,7152,5861,37.8879009,-122.617382,32.054,257.18,1376.5,5121.0,2.4067,179.79,1235,38,256.93,4299
43451510,7152,5862,37.8879008,-122.617348,31.859,256.96,1373.5,5535.0,2.4067,179.79,1235,38,256.47,4299
43451511,7152,5863,37.8879007,-122.617313,31.669,256.55,1370.5,5895.0,2.4067,179.79,1235,38,256.01,4299
43451512,7152,5864,37.8879006,-122.617279,31.483,256.37,1367.5,5922.0,2.4067,179.79,1235,38,255.56,4299
43451513,7152,5865,37.8879005,-122.617245,31.296,255.84,1364.5,6165.0,2.4067,179.79,1235,38,255.11,4299
43453187,7153,5866,37.8878733,-122.617211,31.037,255.23,1360.3,6192.0,2.4067,179.79,1235,38,254.49,4299
43453188,7153,5867,37.8878732,-122.617177,30.853,254.8,1357.3,6219.0,2.4067,179.79,1235,38,254.04,4299
43454861,7154,5868,37.8878461,-122.617143,30.594,254.33,1353.0,6264.0,2.4067,179.79,1235,38,253.42,4299
43454862,7154,5869,37.8878459,-122.617109,30.411,253.9,1350.0,6372.0,2.4067,179.79,1235,38,252.98,4299
43456533,7155,5870,37.8878188,-122.617075,30.154,253.27,1345.8,6660.0,2.4067,179.79,1235,38,252.36,4299
43552136,7213,5950,37.8862416,-122.614354,32.16,219.58,1329.4,9.0,2.7995,136.92,1236,38,226.95,4300
43553764,7214,5950,37.8862146,-122.614354,30.675,219.58,1326.4,9405.0,2.7995,136.92,1236,38,222.79,4300
43555391,7215,5949,37.8861877,-122.614388,30.448,219.58,1322.2,9504.0,2.7995,136.92,1236,38,222.16,4300
43557017,7216,5948,37.8861608,-122.614423,30.221,219.58,1317.9,9540.0,2.7995,136.92,1236,38,221.52,4300
43557016,7216,5947,37.8861609,-122.614457,30.062,219.24,1314.9,9567.0,2.7995,136.92,1236,38,221.08,4300
43558642,7217,5946,37.8861339,-122.614491,29.836,218.65,1310.7,9621.0,2.7995,136.92,1236,38,220.45,4300
43558641,7217,5945,37.886134,-122.614525,29.676,218.35,1307.7,9648.0,2.7995,136.92,1236,38,220.0,4300
43558640,7217,5944,37.8861342,-122.614559,29.517,218.13,1304.7,9657.0,2.7995,136.92,1236,38,219.55,4300
43558639,7217,5943,37.8861343,-122.614593,29.358,217.79,1301.7,9702.0,2.7995,136.92,1236,38,219.11,4300
43558638,7217,5942,37.8861344,-122.614627,29.199,217.55,1298.7,11844.0,2.7995,136.92,1236,38,218.66,4300
43560264,7218,5941,37.8861075,-122.614662,28.988,217.41,1294.5,11880.0,2.7995,136.92,1236,38,218.07,4300
43561889,7219,5941,37.8860804,-122.614662,28.839,217.26,1291.5,11925.0,2.7995,136.92,1236,38,217.65,4300
43563513,7220,5940,37.8860535,-122.614696,28.629,216.9,1287.2,11934.0,2.7995,136.92,1236,38,217.07,4300
43563512,7220,5939,37.8860536,-122.61473,28.48,216.56,1284.2,11952.0,2.7995,136.92,1236,38,216.65,4300
43563511,7220,5938,37.8860537,-122.614764,28.331,216.18,1281.2,11979.0,2.7995,136.92,1236,38,216.23,4300
43563510,7220,5937,37.8860538,-122.614798,28.182,216.04,1278.2,12060.0,2.7995,136.92,1236,38,215.82,4300
43565134,7221,5936,37.8860269,-122.614833,27.973,215.89,1274.0,12069.0,2.7995,136.92,1236,38,215.23,4300
43566758,7222,5935,37.886,-122.614867,27.763,215.56,1269.7,12078.0,2.7995,136.92,1236,38,214.64,4300
43568382,7223,5934,37.885973,-122.614901,27.553,215.05,1265.5,13518.0,2.7995,136.92,1236,38,214.06,4300
43568381,7223,5933,37.8859732,-122.614935,27.411,214.84,1262.5,13527.0,2.7995,136.92,1236,38,213.66,4300
43568380,7223,5932,37.8859733,-122.614969,27.268,214.45,1259.5,13536.0,2.7995,136.92,1236,38,213.26,4300
43568379,7223,5931,37.8859734,-122.615003,27.125,214.26,1256.5,14382.0,2.7995,136.92,1236,38,212.86,4300
43568378,7223,5930,37.8859735,-122.615038,26.985,213.99,1253.5,14409.0,2.7995,136.92,1236,38,212.46,4300
43568377,7223,5929,37.8859736,-122.615072,26.844,213.72,1250.5,25002.0,2.7995,136.92,1236,38,212.07,4300
43568376,7223,5928,37.8859737,-122.615106,26.727,213.59,1247.5,26910.0,2.7995,136.92,1236,38,211.74,4300
43568375,7223,5927,37.8859738,-122.61514,26.612,213.5,1244.5,26946.0,2.7995,136.92,1236,38,211.42,4300
43568374,7223,5926,37.8859739,-122.615174,26.498,213.18,1241.5,27000.0,2.7995,136.92,1236,38,211.1,4300
43568373,7223,5925,37.885974,-122.615208,26.383,212.79,1238.5,27036.0,2.7995,136.92,1236,38,210.78,4300
43568372,7223,5924,37.8859742,-122.615242,26.269,212.55,1235.5,27342.0,2.7995,136.92,1236,38,210.46,4300
43569996,7224,5923,37.8859472,-122.615277,26.107,212.4,1231.2,28719.0,2.7995,136.92,1236,38,210.01,4300
43571620,7225,5922,37.8859203,-122.615311,25.948,212.23,1227.0,28764.0,2.7995,136.92,1236,38,209.56,4301
43571619,7225,5921,37.8859204,-122.615345,25.836,211.81,1224.0,29574.0,2.7995,136.92,1236,38,209.25,4301
43569993,7224,5920,37.8859476,-122.615379,25.679,211.53,1219.8,29610.0,2.7995,136.92,1236,38,208.81,4301
43569992,7224,5919,37.8859477,-122.615413,25.567,211.28,1216.8,29844.0,2.7995,136.92,1236,38,208.5,4301
43569991,7224,5918,37.8859478,-122.615447,25.456,211.04,1213.8,29853.0,2.7995,136.92,1236,38,208.19,4301
43569990,7224,5917,37.8859479,-122.615481,25.346,210.76,1210.8,29862.0,2.7995,136.92,1236,38,207.88,4301
43569989,7224,5916,37.885948,-122.615515,25.235,210.3,1207.8,30240.0,2.7995,136.92,1236,38,207.56,4301
43569988,7224,5915,37.8859481,-122.615549,25.124,209.97,1204.8,30546.0,2.7995,136.92,1236,38,207.26,4301
43569987,7224,5914,37.8859482,-122.615584,25.014,209.73,1201.8,30717.0,2.7995,136.92,1236,38,206.95,4301
43569986,7224,5913,37.8859483,-122.615618,24.904,209.44,1198.8,32742.0,2.7995,136.92,1236,38,206.64,4301
43568360,7223,5912,37.8859755,-122.615652,24.752,208.96,1194.5,32760.0,2.7995,136.92,1236,38,206.21,4301
43568359,7223,5911,37.8859756,-122.615686,24.644,208.72,1191.5,32958.0,2.7995,136.92,1236,38,205.91,4301
43568358,7223,5910,37.8859757,-122.61572,24.536,208.53,1188.5,33246.0,2.7995,136.92,1236,38,205.61,4301
43566732,7222,5909,37.8860029,-122.615754,24.385,208.18,1184.3,33876.0,2.7995,136.92,1236,38,205.19,4301
43566731,7222,5908,37.886003,-122.615788,24.278,207.73,1181.3,34164.0,2.7995,136.92,1236,38,204.89,4301
43566730,7222,5907,37.8860031,-122.615822,24.172,207.21,1178.3,34380.0,2.7995,136.92,1236,38,204.59,4301
43566729,7222,5906,37.8860032,-122.615856,24.066,206.97,1175.3,34884.0,2.7995,136.92,1236,38,204.29,4301
43565103,7221,5905,37.8860304,-122.61589,23.917,206.56,1171.0,36117.0,2.7995,136.92,1236,38,203.88,4301
43565102,7221,5904,37.8860305,-122.615924,23.812,206.09,1168.0,36135.0,2.7995,136.92,1236,38,203.58,4301
43565101,7221,5903,37.8860306,-122.615958,23.708,205.56,1165.0,37125.0,2.7995,136.92,1236,38,203.29,4301
43565100,7221,5902,37.8860307,-122.615993,23.605,205.0,1162.0,37206.0,2.7995,136.92,1236,38,203.0,4301
43565099,7221,5901,37.8860308,-122.616027,23.501,204.4,1159.0,37836.0,2.7995,136.92,1236,38,202.71,4301
43565098,7221,5900,37.8860309,-122.616061,23.398,203.83,1156.0,38259.0,2.7995,136.92,1236,38,202.42,4301
43565097,7221,5899,37.886031,-122.616095,23.296,203.3,1153.0,38997.0,2.7995,136.92,1236,38,202.14,4301
43565096,7221,5898,37.8860311,-122.616129,23.194,202.85,1150.0,39096.0,2.7995,136.92,1236,38,201.85,4301
43565095,7221,5897,37.8860312,-122.616163,23.092,202.31,1147.0,39303.0,2.7995,136.92,1236,38,201.57,4301
43565094,7221,5896,37.8860314,-122.616197,22.991,201.84,1144.0,39375.0,2.7995,136.92,1236,38,201.28,4301
43563468,7220,5895,37.8860585,-122.616231,22.847,201.11,1139.8,40113.0,2.7995,136.92,1236,38,200.88,4301
43563467,7220,5894,37.8860586,-122.616265,22.746,200.42,1136.8,40203.0,2.7995,136.92,1236,38,200.6,4301
43563466,7220,5893,37.8860587,-122.616299,22.645,200.08,1133.8,40428.0,2.7995,136.92,1236,38,200.32,4301
43563465,7220,5892,37.8860588,-122.616334,22.544,199.65,1130.8,40500.0,2.7995,136.92,1236,38,200.03,4301
43563464,7220,5891,37.886059,-122.616368,22.444,199.0,1127.8,40734.0,2.7995,136.92,1236,38,199.75,4301
43563463,7220,5890,37.8860591,-122.616402,22.343,198.36,1124.8,40761.0,2.7995,136.92,1236,38,199.47,4302
43563462,7220,5889,37.8860592,-122.616436,22.243,197.75,1121.8,40779.0,2.7995,136.92,1236,38,199.19,4302
43563461,7220,5888,37.8860593,-122.61647,22.143,197.11,1118.8,40860.0,2.7995,136.92,1236,38,198.91,4302
43563460,7220,5887,37.8860594,-122.616504,22.042,196.22,1115.8,40887.0,2.7995,136.92,1236,38,198.63,4302
43563459,7220,5886,37.8860595,-122.616538,21.942,195.48,1112.8,42129.0,2.7995,136.92,1236,38,198.35,4302
43517717,7192,5856,37.8868199,-122.617558,27.73,229.75,1164.3,1224.0,5.9682,67.971,1237,38,233.47,4303
43519366,7193,5856,37.8867929,-122.617558,27.422,228.7,1161.3,1233.0,5.9682,67.971,1237,38,231.63,4303
43521015,7194,5856,37.8867658,-122.617558,27.114,227.54,1158.3,1242.0,5.9682,67.971,1237,38,229.79,4303
43522660,7195,5856,37.8867388,-122.617558,26.807,226.45,1155.3,1251.0,5.9682,67.971,1237,38,227.96,4303
43524299,7196,5856,37.8867118,-122.617558,26.501,225.63,1152.3,3285.0,5.9682,67.971,1237,38,226.13,4303
43525938,7197,5856,37.8866847,-122.617559,26.276,224.53,1149.3,3303.0,5.9682,67.971,1237,38,224.79,4303
43527578,7198,5857,37.8866576,-122.617525,25.959,223.21,1145.1,3699.0,5.9682,67.971,1237,38,222.9,4303
43529214,7199,5857,37.8866305,-122.617525,25.742,222.19,1142.1,3717.0,5.9682,67.971,1237,38,221.61,4303
43530849,7200,5858,37.8866034,-122.617491,25.437,220.93,1137.8,5283.0,5.9682,67.971,1237,38,219.78,4303
43532483,7201,5858,37.8865763,-122.617491,25.244,219.77,1134.8,5292.0,5.9682,67.971,1237,38,218.63,4303
43534117,7202,5858,37.8865493,-122.617491,25.051,218.52,1131.8,5301.0,5.9682,67.971,1237,38,217.48,4303
43535750,7203,5858,37.8865223,-122.617491,24.858,217.42,1128.8,5310.0,5.9682,67.971,1237,38,216.33,4303
43537382,7204,5858,37.8864952,-122.617491,24.665,216.54,1125.8,5319.0,5.9682,67.971,1237,38,215.18,4303
43539013,7205,5858,37.8864682,-122.617491,24.472,215.57,1122.8,6705.0,5.9682,67.971,1237,38,214.03,4303
43540643,7206,5858,37.8864412,-122.617492,24.293,214.55,1119.8,6813.0,5.9682,67.971,1237,38,212.96,4303
43542273,7207,5859,37.886414,-122.617458,24.041,213.15,1115.6,7542.0,5.9682,67.971,1237,38,211.45,4303
43543902,7208,5859,37.886387,-122.617458,23.869,212.02,1112.6,7713.0,5.9682,67.971,1237,38,210.43,4303
43545532,7209,5860,37.8863598,-122.617424,23.627,210.33,1108.3,8019.0,5.9682,67.971,1237,38,208.98,4303
43547161,7210,5860,37.8863328,-122.617424,23.458,209.2,1105.3,8136.0,5.9682,67.971,1237,38,207.97,4303
43548790,7211,5860,37.8863057,-122.617424,23.29,208.24,1102.3,9486.0,5.9682,67.971,1237,38,206.97,4303
43550419,7212,5861,37.8862786,-122.61739,23.064,206.71,1098.1,11394.0,5.9682,67.971,1237,38,205.62,4303
43552048,7213,5862,37.8862514,-122.617356,22.85,205.48,1093.8,11736.0,5.9682,67.971,1237,38,204.34,4303
43553676,7214,5862,37.8862244,-122.617356,22.7,204.3,1090.8,11745.0,5.9682,67.971,1237,38,203.45,4303
43555304,7215,5862,37.8861974,-122.617356,22.551,203.25,1087.8,11754.0,5.9682,67.971,1237,38,202.56,4303
43556931,7216,5862,37.8861703,-122.617357,22.401,202.02,1084.8,11763.0,5.9682,67.971,1237,38,201.67,4303
43558558,7217,5862,37.8861433,-122.617357,22.252,201.09,1081.8,12366.0,5.9682,67.971,1237,38,200.77,4303
43560185,7218,5862,37.8861162,-122.617357,22.105,200.26,1078.8,12654.0,5.9682,67.971,1237,38,199.9,4303
43561811,7219,5863,37.8860891,-122.617323,21.898,198.91,1074.6,12780.0,5.9682,67.971,1237,38,198.66,4303
43563436,7220,5863,37.8860621,-122.617323,21.753,197.89,1071.6,12960.0,5.9682,67.971,1237,38,197.8,4303
43565061,7221,5863,37.886035,-122.617323,21.608,196.68,1068.6,12969.0,5.9682,67.971,1237,38,196.93,4303
43566686,7222,5863,37.886008,-122.617323,21.463,195.76,1065.6,13266.0,5.9682,67.971,1237,38,196.07,4303
43568311,7223,5863,37.8859809,-122.617323,21.319,194.75,1062.6,13383.0,5.9682,67.971,1237,38,195.21,4304
43569937,7224,5864,37.8859538,-122.617289,21.116,193.3,1058.4,13527.0,5.9682,67.971,1237,38,194.0,4304
43571562,7225,5864,37.8859268,-122.61729,20.973,192.44,1055.4,13653.0,5.9682,67.971,1237,38,193.14,4304
43573187,7226,5864,37.8858997,-122.61729,20.831,191.76,1052.4,13680.0,5.9682,67.971,1237,38,192.29,4304
43574811,7227,5864,37.8858727,-122.61729,20.689,191.11,1049.4,13689.0,5.9682,67.971,1237,38,191.44,4304
43576421,7228,5865,37.8858455,-122.617256,20.487,189.84,1045.1,13698.0,5.9682,67.971,1237,38,190.24,4304
43578028,7229,5865,37.8858185,-122.617256,20.345,188.66,1042.1,13707.0,5.9682,67.971,1237,38,189.39,4304
43579634,7230,5865,37.8857915,-122.617256,20.202,187.74,1039.1,13716.0,5.9682,67.971,1237,38,188.54,4304
43720921,7320,5782,37.8833671,-122.6201,15.328,149.32,655.14,306.0,2.6249,109.44,1238,38,149.67,4305
43720920,7320,5781,37.8833673,-122.620134,14.847,148.38,652.14,315.0,2.6249,109.44,1238,38,148.41,4305
43720919,7320,5780,37.8833674,-122.620168,14.371,147.23,649.14,324.0,2.6249,109.44,1238,38,147.16,4305
43720918,7320,5779,37.8833675,-122.620203,13.899,146.01,646.14,333.0,2.6249,109.44,1238,38,145.92,4305
43720917,7320,5778,37.8833676,-122.620237,13.432,144.99,643.14,342.0,2.6249,109.44,1238,38,144.69,4305
43719352,7319,5777,37.8833947,-122.620271,12.776,143.42,638.9,549.0,2.6249,109.44,1238,38,142.97,4305
43717787,7318,5776,37.8834219,-122.620305,12.212,141.72,634.65,1593.0,2.6249,109.44,1238,38,141.49,4305
43717786,7318,5775,37.883422,-122.620339,11.929,140.68,631.65,1602.0,2.6249,109.44,1238,38,140.75,4305
43816910,7381,5770,37.8817191,-122.620518,15.151,121.99,285.89,18.0,5.6508,49.174,1239,38,134.79,4306
43816909,7381,5769,37.8817192,-122.620552,13.961,120.64,282.89,27.0,5.6508,49.174,1239,38,128.07,4306
43818484,7382,5768,37.8816923,-122.620586,12.483,118.29,278.65,36.0,5.6508,49.174,1239,38,119.72,4306
43820058,7383,5767,37.8816654,-122.620621,11.136,114.83,274.4,81.0,5.6508,49.174,1239,38,112.1,4306
43820057,7383,5766,37.8816655,-122.620655,10.4,112.93,271.4,7137.0,5.6508,49.174,1239,38,107.94,4306
43821631,7384,5765,37.8816385,-122.620689,10.152,111.04,267.16,7146.0,5.6508,49.174,1239,38,106.54,4306
43823204,7385,5764,37.8816116,-122.620723,9.9045,108.32,262.92,7155.0,5.6508,49.174,1239,38,105.14,4306
43824777,7386,5763,37.8815847,-122.620758,9.6566,105.66,258.68,7650.0,5.6508,49.174,1239,38,103.74,4306
43826349,7387,5762,37.8815578,-122.620792,9.414,103.89,254.43,7659.0,5.6508,49.174,1239,38,102.37,4306
43827916,7388,5762,37.8815307,-122.620792,9.2426,102.91,251.43,7677.0,5.6508,49.174,1239,38,101.4,4306
43829483,7389,5762,37.8815037,-122.620792,9.0712,102.1,248.43,8064.0,5.6508,49.174,1239,38,100.43,4306
43831047,7390,5761,37.8814768,-122.620826,8.8327,101.62,244.19,8073.0,5.6508,49.174,1239,38,99.086,4306
43832611,7391,5760,37.8814498,-122.620861,8.5943,99.959,239.95,8082.0,5.6508,49.174,1239,38,97.738,4306
43834175,7392,5759,37.8814229,-122.620895,8.3559,97.949,235.71,8091.0,5.6508,49.174,1239,38,96.391,4306
43835739,7393,5758,37.881396,-122.620929,8.1176,96.216,231.46,8100.0,5.6508,49.174,1239,38,95.045,4306
43837302,7394,5757,37.881369,-122.620963,7.8794,94.845,227.22,8109.0,5.6508,49.174,1239,38,93.699,4306
43838856,7395,5756,37.8813421,-122.620998,7.6413,93.136,222.98,8118.0,5.6508,49.174,1239,38,92.354,4306
43840406,7396,5755,37.8813152,-122.621032,7.4033,91.253,218.74,8127.0,5.6508,49.174,1239,38,91.009,4306
43841957,7397,5755,37.8812881,-122.621032,7.2351,90.52,215.74,8136.0,5.6508,49.174,1239,38,90.058,4306
43843498,7398,5754,37.8812612,-122.621066,6.9972,90.069,211.49,8145.0,5.6508,49.174,1239,38,88.714,4306
43845038,7399,5753,37.8812343,-122.621101,6.7594,88.737,207.25,8154.0,5.6508,49.174,1239,38,87.37,4306
43846578,7400,5752,37.8812074,-122.621135,6.5218,87.299,203.01,8370.0,5.6508,49.174,1239,38,86.027,4306
43848118,7401,5751,37.8811804,-122.621169,6.2861,86.413,198.76,8379.0,5.6508,49.174,1239,38,84.695,4306
43849658,7402,5750,37.8811535,-122.621203,6.0504,85.256,194.52,8388.0,5.6508,49.174,1239,38,83.364,4306
43851198,7403,5749,37.8811266,-122.621238,5.8149,83.953,190.28,8397.0,5.6508,49.174,1239,38,82.033,4306
43852738,7404,5748,37.8810996,-122.621272,5.5794,81.682,186.04,8406.0,5.6508,49.174,1239,38,80.702,4306
43854278,7405,5747,37.8810727,-122.621306,5.3441,80.156,181.79,8505.0,5.6508,49.174,1239,38,79.372,4307
43855818,7406,5746,37.8810458,-122.62134,5.1096,78.751,177.55,8514.0,5.6508,49.174,1239,38,78.047,4307
43857353,7407,5745,37.8810189,-122.621375,4.8751,77.041,173.31,8559.0,5.6508,49.174,1239,38,76.723,4307
43858881,7408,5744,37.8809919,-122.621409,4.6411,75.916,169.07,8622.0,5.6508,49.174,1239,38,75.4,4307
43860409,7409,5743,37.880965,-122.621443,4.4076,74.805,164.82,19413.0,5.6508,49.174,1239,38,74.081,4307
43861936,7410,5742,37.8809381,-122.621477,4.2276,74.439,160.58,19593.0,5.6508,49.174,1239,38,73.063,4307
43861935,7410,5741,37.8809382,-122.621511,4.1006,74.031,157.58,19611.0,5.6508,49.174,1239,38,72.346,4307
43861934,7410,5740,37.8809383,-122.621546,3.9737,73.121,154.58,19638.0,5.6508,49.174,1239,38,71.629,4307
43861933,7410,5739,37.8809384,-122.62158,3.8468,72.011,151.58,19683.0,5.6508,49.174,1239,38,70.912,4307
43863458,7411,5738,37.8809115,-122.621614,3.6676,70.914,147.34,19692.0,5.6508,49.174,1239,38,69.899,4307
43864982,7412,5737,37.8808845,-122.621648,3.4883,69.675,143.1,19809.0,5.6508,49.174,1239,38,68.886,4307
43864981,7412,5736,37.8808846,-122.621682,3.3618,68.705,140.1,31473.0,5.6508,49.174,1239,38,68.171,4307
43866502,7413,5735,37.8808577,-122.621717,3.2075,67.751,135.85,31518.0,5.6508,49.174,1239,38,67.299,4307
43868021,7414,5735,37.8808307,-122.621717,3.0985,67.307,132.85,31743.0,5.6508,49.174,1239,38,66.683,4307
43869534,7415,5734,37.8808037,-122.621751,2.9446,66.462,128.61,31752.0,5.6508,49.174,1239,38,65.814,4307
43871044,7416,5733,37.8807768,-122.621785,2.7908,65.186,124.37,31833.0,5.6508,49.174,1239,38,64.944,4307
43872552,7417,5732,37.8807499,-122.621819,2.6371,63.864,120.12,31887.0,5.6508,49.174,1239,38,64.076,4307
43872551,7417,5731,37.88075,-122.621854,2.5284,62.613,117.12,31941.0,5.6508,49.174,1239,38,63.462,4307
43872550,7417,5730,37.8807501,-122.621888,2.4199,61.221,114.12,31950.0,5.6508,49.174,1239,38,62.848,4307
43874056,7418,5729,37.8807232,-122.621922,2.2663,59.948,109.88,31959.0,5.6508,49.174,1239,38,61.981,4307
43875559,7419,5728,37.8806963,-122.621956,2.1128,58.399,105.64,31968.0,5.6508,49.174,1239,38,61.113,4307
43877059,7420,5727,37.8806693,-122.62199,1.9593,56.147,101.4,31977.0,5.6508,49.174,1239,38,60.246,4307
43878555,7421,5726,37.8806424,-122.622025,1.8058,53.955,97.154,32130.0,5.6508,49.174,1239,38,59.379,4307
43878554,7421,5725,37.8806425,-122.622059,1.6974,52.283,94.154,32175.0,5.6508,49.174,1239,38,58.766,4307
