X,Y,i,j,hilltop_id,Cht,S,R,Lh,BasinID,a,b,StreamID,HilltopSlope,DivergentCount,PlanarCountFlag,E_Star,R_Star,EucDist
533772,4188490.0,7084,5904,1,-0.0212216,0.258946,32.3311,124.857,20335,7125,5899,4297,0.0594569,13,36,6.62412,0.323682,122.506
533768,4188500.0,7085,5903,1,-0.0266158,0.263377,32.0217,121.581,20335,7125,5899,4297,0.0924334,13,34,8.08996,0.329221,119.18
533772,4188500.0,7085,5904,1,-0.0241386,0.263766,32.1542,121.904,20335,7125,5899,4297,0.078215,11,37,7.3565,0.329708,119.526
533774,4188500.0,7085,5905,1,-0.0219552,0.254633,32.1058,126.086,20335,7125,5899,4297,0.084701,12,39,6.92064,0.318291,119.938
533762,4188500.0,7086,5901,1,-0.0317132,0.263047,31.354,119.196,20335,7125,5899,4297,0.129945,12,34,9.45019,0.328808,115.698
533766,4188500.0,7086,5902,1,-0.0265381,0.267635,31.5692,117.956,20335,7125,5899,4297,0.124988,11,34,7.82582,0.334544,115.909
533768,4188500.0,7086,5903,1,-0.0185804,0.268516,31.7695,118.315,20335,7125,5899,4297,0.126024,13,33,5.49585,0.335645,116.196
533772,4188500.0,7086,5904,1,-0.0247662,0.267771,31.863,118.993,20335,7125,5899,4297,0.113454,11,36,7.36752,0.334714,116.55
533774,4188500.0,7086,5905,1,-0.0261698,0.263623,31.911,121.048,20335,7125,5899,4297,0.110726,13,35,7.91948,0.329529,116.975
533756,4188500.0,7087,5899,1,-0.019518,0.261046,30.3963,116.441,20335,7125,5899,4297,0.13195,10,31,5.68171,0.326307,112.504
533760,4188500.0,7087,5900,1,-0.0268874,0.268954,30.7757,114.427,20335,7125,5899,4297,0.145038,11,31,7.6916,0.336193,112.563
533762,4188500.0,7087,5901,1,-0.0282475,0.271498,31.0355,114.312,20335,7125,5899,4297,0.156948,10,33,8.07256,0.339373,112.702
533774,4188500.0,7087,5905,1,-0.0250263,0.267508,31.5069,117.779,20335,7125,5899,4297,0.14176,13,34,7.36893,0.334385,114.014
533748,4188500.0,7088,5896,1,-0.01887,0.257941,29.4085,114.013,20335,7125,5899,4297,0.0884459,4,39,5.37854,0.322426,109.781
533750,4188500.0,7088,5897,1,-0.0151624,0.264701,29.6037,111.838,20335,7125,5899,4297,0.107921,9,39,4.23936,0.330876,109.609
533754,4188500.0,7088,5898,1,-0.0181454,0.269325,29.8938,110.995,20335,7125,5899,4297,0.126166,15,30,5.03514,0.336656,109.521
533774,4188500.0,7088,5905,1,-0.0158691,0.270364,30.9885,114.618,20335,7125,5899,4297,0.159502,13,33,4.54722,0.337955,111.054
533778,4188500.0,7088,5906,1,-0.0102114,0.259218,30.8151,118.877,20335,7125,5899,4297,0.156787,12,39,3.03477,0.324022,111.594
533742,4188510.0,7089,5894,1,-0.0148823,0.259265,28.7815,111.012,20335,7125,5899,4297,0.0904761,7,37,4.13028,0.324081,110.49
533744,4188510.0,7089,5895,1,-0.0132385,0.267093,28.9642,108.442,20335,7125,5899,4297,0.103065,5,38,3.58904,0.333866,107.055
533774,4188510.0,7089,5905,1,-0.0221017,0.273587,30.5171,111.544,20335,7125,5899,4297,0.173929,13,32,6.16328,0.341984,108.098
533778,4188510.0,7089,5906,1,-0.0103235,0.26773,30.4569,113.76,20335,7125,5899,4297,0.164424,12,34,2.93599,0.334663,108.652
533730,4188510.0,7090,5890,1,-0.0366707,0.213878,27.584,128.971,20335,7118,5870,4279,0.200249,8,47,11.8236,0.267348,102.9
533732,4188510.0,7090,5891,1,-0.0417259,0.214424,28.1455,131.261,20335,7118,5870,4279,0.148362,8,48,13.6925,0.26803,104.721
533736,4188510.0,7090,5892,1,-0.0363876,0.233717,28.4699,121.814,20335,7118,5870,4279,0.107753,15,34,11.0813,0.292146,104.991
533738,4188510.0,7090,5893,1,-0.0234325,0.263667,28.4184,107.781,20335,7125,5899,4297,0.103683,7,35,6.31396,0.329584,107.661
533742,4188510.0,7090,5894,1,-0.0137715,0.271167,28.5262,105.198,20335,7125,5899,4297,0.115513,4,35,3.62184,0.338959,104.422
533774,4188510.0,7090,5905,1,-0.0339633,0.276518,30.0262,108.587,20335,7125,5899,4297,0.212658,13,31,9.21992,0.345648,105.143
533778,4188510.0,7090,5906,1,-0.029514,0.271763,30.0185,110.459,20335,7125,5899,4297,0.186964,13,32,8.15019,0.339703,105.713
533724,4188510.0,7091,5888,1,-0.0486567,0.225439,26.1119,115.827,20335,7118,5870,4279,0.314248,7,41,14.0894,0.281799,96.5862
533726,4188510.0,7091,5889,1,-0.04798,0.228422,26.9259,117.878,20335,7118,5870,4279,0.242553,8,41,14.1395,0.285527,98.1694
533730,4188510.0,7091,5890,1,-0.0464445,0.238097,27.526,115.608,20335,7118,5870,4279,0.186804,11,37,13.4234,0.297621,99.1137
533732,4188510.0,7091,5891,1,-0.0422276,0.270632,27.7256,102.448,20335,7118,5871,4279,0.154111,12,34,10.8153,0.33829,99.1522
533736,4188510.0,7091,5892,1,-0.0316254,0.249544,28.6705,114.891,20335,7120,5871,4279,0.138492,17,32,9.08372,0.31193,108.166
533738,4188510.0,7091,5893,1,-0.0232321,0.273697,28.0948,102.649,20335,7125,5899,4297,0.144384,5,34,5.96191,0.342121,101.864
533778,4188510.0,7091,5906,1,-0.0218932,0.273304,29.3335,107.329,20335,7125,5899,4297,0.209676,13,31,5.87444,0.34163,102.777
533780,4188510.0,7091,5907,1,-0.0164805,0.266227,29.247,109.857,20335,7125,5899,4297,0.190298,14,33,4.52625,0.332784,103.447
533706,4188520.0,7092,5882,1,-0.00184646,0.208786,20.104,96.2902,20335,7118,5870,4279,0.270846,6,35,0.44449,0.260982,84.7625
533708,4188520.0,7092,5883,1,-0.00406446,0.212887,20.9265,98.2985,20335,7118,5870,4279,0.280612,6,36,0.998826,0.266109,85.9864
533718,4188520.0,7092,5886,1,-0.0152987,0.229931,23.7117,103.125,20335,7118,5870,4279,0.367844,6,37,3.9442,0.287413,89.881
533720,4188520.0,7092,5887,1,-0.031664,0.241319,24.8064,102.795,20335,7118,5870,4279,0.36444,11,35,8.13725,0.301649,91.2719
533724,4188520.0,7092,5888,1,-0.0531581,0.252706,25.6662,101.565,20335,7118,5871,4279,0.311657,10,34,13.4975,0.315883,92.7588
533726,4188520.0,7092,5889,1,-0.0568115,0.264671,26.4499,99.9349,20335,7118,5871,4279,0.253589,6,37,14.1936,0.330839,93.6508
533730,4188520.0,7092,5890,1,-0.045567,0.276281,26.9297,97.4721,20335,7118,5871,4279,0.212987,10,34,11.1038,0.345351,94.8988
533732,4188520.0,7092,5891,1,-0.0390589,0.279288,27.2873,97.7031,20335,7118,5871,4279,0.193775,15,30,9.54043,0.34911,100.001
533736,4188520.0,7092,5892,1,-0.0332079,0.265978,27.5572,103.607,20335,7125,5899,4297,0.19114,7,34,8.60142,0.332473,100.876
533738,4188520.0,7092,5893,1,-0.02392,0.277047,27.5776,99.5414,20335,7125,5899,4297,0.195223,5,33,5.95257,0.346308,98.9069
533780,4188520.0,7092,5907,1,-0.015701,0.269895,28.7361,106.471,20335,7125,5899,4297,0.172336,12,34,4.17926,0.337369,100.535
533694,4188520.0,7093,5878,1,-0.00198866,0.200996,17.217,85.6588,20335,7118,5870,4279,0.201935,7,29,0.425866,0.251244,77.6332
533706,4188520.0,7093,5882,1,-0.0132354,0.220275,19.9211,90.4373,20335,7118,5870,4279,0.280691,4,34,2.99243,0.275344,81.4847
533708,4188520.0,7093,5883,1,-0.021453,0.228656,20.7098,90.5719,20335,7118,5870,4279,0.285597,6,35,4.8576,0.28582,82.6425
533712,4188520.0,7093,5884,1,-0.0105164,0.23671,21.5263,90.9393,20335,7118,5870,4279,0.296384,6,32,2.39088,0.295888,83.9996
533714,4188520.0,7093,5885,1,-0.00249527,0.240376,22.0621,91.7817,20335,7118,5871,4279,0.328709,5,35,0.572549,0.300469,85.387
533718,4188520.0,7093,5886,1,-0.00793216,0.249385,23.0995,92.6258,20335,7118,5871,4279,0.357858,3,36,1.83681,0.311731,86.6996
533720,4188520.0,7093,5887,1,-0.03254,0.260076,24.2882,93.3891,20335,7118,5871,4279,0.365208,3,37,7.5972,0.325095,87.7965
533724,4188520.0,7093,5888,1,-0.0485208,0.26964,25.2808,93.7578,20335,7118,5871,4279,0.330549,4,37,11.373,0.33705,89.2036
533726,4188520.0,7093,5889,1,-0.0430867,0.277482,25.8681,93.2243,20335,7118,5871,4279,0.278961,8,34,10.0418,0.346853,90.7066
533730,4188520.0,7093,5890,1,-0.0344578,0.283948,26.3788,92.9004,20335,7118,5871,4279,0.254557,16,27,8.00285,0.354935,92.2632
533732,4188520.0,7093,5891,1,-0.0347366,0.26379,26.9977,102.345,20335,7119,5871,4279,0.246559,10,35,8.88782,0.329738,99.2818
533736,4188520.0,7093,5892,1,-0.0287532,0.274273,26.9073,98.1042,20335,7125,5899,4297,0.239601,7,31,7.05201,0.342841,99.4973
533780,4188520.0,7093,5907,1,-0.00976532,0.273159,28.2258,103.331,20335,7125,5899,4297,0.151522,12,33,2.52265,0.341449,97.6282
533700,4188520.0,7094,5880,1,-0.00320583,0.219342,18.0515,82.2985,20335,7118,5870,4279,0.264891,4,31,0.659588,0.274177,76.1558
533726,4188520.0,7094,5889,1,-0.0300568,0.28157,25.1529,89.3308,20335,7118,5871,4279,0.306052,9,32,6.7125,0.351963,88.1654
533730,4188520.0,7094,5890,1,-0.030487,0.282292,25.6068,90.7103,20335,7118,5871,4279,0.287232,12,30,6.91371,0.352865,93.5634
533732,4188520.0,7094,5891,1,-0.0247645,0.25996,27.4184,105.471,20335,7127,5899,4297,0.283878,8,34,6.52987,0.32495,102.38
533780,4188520.0,7094,5907,1,-0.0167837,0.276651,27.7593,100.34,20335,7125,5899,4297,0.156687,12,32,4.21022,0.345814,94.7273
533784,4188520.0,7094,5908,1,-0.0163967,0.27042,27.767,102.681,20335,7125,5899,4297,0.140736,8,33,4.20909,0.338024,95.5338
533694,4188520.0,7095,5878,1,-0.00515098,0.213652,16.4444,76.9681,20335,7118,5870,4279,0.237447,4,28,0.991154,0.267065,71.3691
533726,4188520.0,7095,5889,1,-0.0225268,0.284103,24.4051,85.9022,20335,7118,5871,4279,0.305689,13,27,4.83775,0.355129,85.5843
533730,4188520.0,7095,5890,1,-0.0154963,0.269689,24.729,91.6945,20335,7118,5871,4279,0.295933,7,34,3.55231,0.337111,89.6062
533780,4188520.0,7095,5907,1,-0.0162643,0.280077,27.3013,97.4779,20335,7125,5899,4297,0.166035,12,31,3.96352,0.350096,91.8328
533784,4188520.0,7095,5908,1,-0.0254231,0.27568,27.4,99.3907,20335,7125,5899,4297,0.14324,9,33,6.31704,0.3446,92.6788
533688,4188530.0,7096,5876,1,-0.0127324,0.205803,14.9795,72.7856,20335,7118,5870,4279,0.246871,4,25,2.31684,0.257254,66.9433
533690,4188530.0,7096,5877,1,-0.0163322,0.212918,15.4282,72.4607,20335,7118,5870,4279,0.240622,4,24,2.95862,0.266147,67.507
533694,4188530.0,7096,5878,1,-0.0022032,0.2222,15.9451,71.76,20335,7118,5870,4279,0.251182,4,27,0.395254,0.27775,68.4054
533726,4188530.0,7096,5889,1,-0.0244274,0.281412,23.6277,83.9614,20335,7118,5871,4279,0.302869,10,29,5.12739,0.351765,87.0266
533730,4188530.0,7096,5890,1,-0.0168318,0.261078,24.2157,92.7526,20335,7119,5871,4279,0.290992,7,34,3.90299,0.326348,90.4423
533784,4188530.0,7096,5908,1,-0.0161447,0.278729,26.8399,96.2939,20335,7125,5899,4297,0.141409,9,32,3.8866,0.348411,89.8185
533684,4188530.0,7097,5875,1,-0.00746834,0.202017,13.8318,68.4685,20335,7118,5870,4279,0.269048,3,24,1.27836,0.252522,63.2759
533688,4188530.0,7097,5876,1,-0.0223353,0.21192,14.4724,68.2921,20335,7118,5870,4279,0.261437,4,22,3.81332,0.2649,63.8144
533690,4188530.0,7097,5877,1,-0.00625497,0.2193,14.8522,67.7254,20335,7118,5870,4279,0.255519,4,27,1.05905,0.274125,64.6034
533726,4188530.0,7097,5889,1,-0.0290289,0.272761,22.8484,83.7668,20335,7118,5871,4279,0.309343,5,33,6.07914,0.340952,83.681
533730,4188530.0,7097,5890,1,-0.0323084,0.2524,23.471,92.9914,20335,7119,5871,4279,0.300171,9,31,7.51101,0.3155,87.2111
533784,4188530.0,7097,5908,1,-0.0142618,0.283456,26.4515,93.3179,20335,7125,5899,4297,0.14036,9,31,3.32719,0.35432,86.9676
533786,4188530.0,7097,5909,1,-0.0141074,0.277215,26.4399,95.3767,20335,7125,5899,4297,0.122085,3,36,3.3638,0.346519,87.6652
533684,4188530.0,7098,5875,1,-0.0107605,0.206876,13.2806,64.1958,20335,7118,5870,4279,0.27135,3,23,1.72694,0.258595,60.194
533688,4188530.0,7098,5876,1,-0.0087822,0.216083,13.8079,63.9009,20335,7118,5870,4279,0.271157,4,25,1.40298,0.270103,60.8598
533726,4188530.0,7098,5889,1,-0.0278119,0.266463,22.3266,83.7887,20335,7119,5871,4279,0.323525,2,36,5.8258,0.333079,84.6932
533730,4188530.0,7098,5890,1,-0.0323234,0.254833,23.8017,93.4012,20335,7127,5899,4297,0.327158,5,32,7.54761,0.318541,91.4963
533784,4188530.0,7098,5908,1,-0.0288239,0.288533,26.0966,90.4458,20335,7125,5899,4297,0.15229,10,27,6.51749,0.360666,84.1194
533786,4188530.0,7098,5909,1,-0.0216031,0.283444,26.084,92.0251,20335,7125,5899,4297,0.119036,6,32,4.97008,0.354305,84.8942
533682,4188540.0,7099,5874,1,-0.00254089,0.201614,12.1145,60.0877,20335,7118,5870,4279,0.252538,3,21,0.381691,0.252018,56.6154
533726,4188540.0,7099,5889,1,-0.0150567,0.257857,21.3229,82.6928,20335,7119,5871,4279,0.334466,2,35,3.1127,0.322322,81.8716
533730,4188540.0,7099,5890,1,-0.00337928,0.253616,22.6931,89.4781,20335,7127,5899,4297,0.341458,5,31,0.755928,0.31702,89.2666
533786,4188540.0,7099,5909,1,-0.0295715,0.289126,25.7226,88.9668,20335,7125,5899,4297,0.127854,6,31,6.57721,0.361407,82.0964
533790,4188540.0,7099,5910,1,-0.0192466,0.312001,30.9823,99.3017,20335,7131,5902,4297,0.106322,14,31,4.77806,0.390002,97.1416
533726,4188540.0,7100,5889,1,-0.00972314,0.250927,20.281,80.8242,20335,7119,5871,4279,0.331029,3,33,1.96466,0.313659,79.4224
533786,4188540.0,7100,5909,1,-0.0380465,0.294236,25.3358,86.1069,20335,7125,5899,4297,0.163216,4,32,8.19017,0.367795,79.2644
533790,4188540.0,7100,5910,1,-0.033927,0.313234,30.7209,98.0764,20335,7131,5902,4297,0.116359,18,22,8.3186,0.391543,94.5
533678,4188540.0,7101,5873,1,-0.00180319,0.201846,10.5248,52.1427,20335,7118,5870,4279,0.239181,4,17,0.235058,0.252307,50.109
533726,4188540.0,7101,5889,1,-0.0145271,0.245496,19.3712,78.9063,20335,7119,5871,4279,0.314868,2,33,2.86569,0.306871,77.0534
533730,4188540.0,7101,5890,1,-0.0160086,0.25214,20.8149,82.5531,20335,7127,5899,4297,0.312733,5,29,3.30391,0.315174,84.2266
533790,4188540.0,7101,5910,1,-0.0360938,0.327639,25.3032,77.2289,20335,7125,5901,4297,0.146475,15,17,6.96872,0.409549,75.1272
533792,4188540.0,7101,5911,1,-0.0288418,0.311791,35.9625,115.342,20335,7138,5903,4297,0.126636,8,36,8.31664,0.389739,112.901
533730,4188550.0,7102,5890,1,-0.00319604,0.239717,18.9631,79.1062,20335,7126,5899,4297,0.285859,6,26,0.632067,0.299646,76.1242
533792,4188550.0,7102,5911,1,-0.0337467,0.320935,33.9121,105.667,20335,7136,5903,4297,0.152778,7,34,8.91475,0.401169,104.687
533796,4188550.0,7102,5912,1,-0.0290418,0.312244,37.0563,118.677,20335,7140,5903,4297,0.133731,16,32,8.6165,0.390305,117.418
533670,4188550.0,7103,5870,1,-0.000560574,0.188612,8.47443,44.9305,20335,7118,5870,4279,0.148104,3,13,0.0629671,0.235765,43.5003
533796,4188550.0,7103,5912,1,-0.0284485,0.324111,36.6842,113.184,20335,7140,5903,4297,0.168399,19,26,8.04978,0.405139,115.851
533798,4188550.0,7103,5913,1,-0.0322283,0.307349,36.5257,118.841,20335,7140,5903,4297,0.15578,19,29,9.57512,0.384186,114.07
533726,4188550.0,7104,5889,1,-0.0212483,0.232065,17.5142,75.471,20335,7120,5871,4279,0.228134,6,27,4.00908,0.290082,72.8264
533730,4188550.0,7104,5890,1,-0.0186038,0.239397,17.4419,72.8575,20335,7126,5899,4297,0.230961,5,25,3.38856,0.299246,70.7518
533798,4188550.0,7104,5913,1,-0.0329164,0.319452,36.0294,112.785,20335,7140,5903,4297,0.184423,17,28,9.28117,0.399315,112.219
533802,4188550.0,7104,5914,1,-0.0385605,0.297263,37.0652,124.688,20335,7142,5903,4297,0.18273,11,41,12.0201,0.371578,117.766
533660,4188560.0,7105,5867,1,-0.00479582,0.177802,7.44623,41.8793,20335,7118,5870,4279,0.0675455,3,14,0.502114,0.222252,38.2426
533664,4188560.0,7105,5868,1,-0.00601263,0.1968,7.63751,38.8084,20335,7118,5870,4279,0.0719503,3,11,0.583352,0.246001,37.8193
533666,4188560.0,7105,5869,1,-0.00114447,0.202518,7.69754,38.0092,20335,7118,5870,4279,0.094307,3,10,0.108751,0.253147,37.6402
533724,4188560.0,7105,5888,1,-0.0256854,0.239594,16.0836,67.1285,20335,7119,5871,4279,0.282715,3,27,4.31056,0.299492,66.7117
533726,4188560.0,7105,5889,1,-0.0414936,0.226123,19.3396,85.5271,20335,7124,5870,4279,0.248708,6,31,8.87206,0.282653,81.9788
533730,4188560.0,7105,5890,1,-0.0450556,0.251621,17.6802,70.2652,20335,7127,5899,4297,0.248326,3,27,7.9146,0.314526,73.2255
533804,4188560.0,7105,5915,1,-0.0271412,0.302716,37.2115,122.925,20335,7143,5903,4297,0.206486,14,39,8.34085,0.378395,120.675
533808,4188560.0,7105,5916,1,-0.0109025,0.267257,36.5848,136.89,20335,7143,5903,4297,0.193341,22,38,3.73112,0.334071,120.204
533660,4188560.0,7106,5867,1,-0.012646,0.198192,7.1636,36.1448,20335,7118,5869,4279,0.0644952,3,12,1.14272,0.24774,35.3058
533664,4188560.0,7106,5868,1,-0.0195091,0.21268,7.50806,35.3021,20335,7118,5870,4279,0.0765146,3,10,1.72178,0.26585,34.9123
533666,4188560.0,7106,5869,1,-0.00938895,0.214206,7.46133,34.8325,20335,7118,5870,4279,0.103481,3,9,0.817602,0.267757,34.6677
533724,4188560.0,7106,5888,1,-0.0268662,0.238662,15.6808,65.7031,20335,7120,5871,4279,0.299122,3,27,4.41298,0.298328,68.1164
533726,4188560.0,7106,5889,1,-0.0385957,0.229447,38.3063,166.95,20335,7153,5901,4297,0.288225,10,58,16.1089,0.286809,144.925
533730,4188560.0,7106,5890,1,-0.0423043,0.248778,16.8661,67.7957,20335,7127,5899,4297,0.284078,2,27,7.17012,0.310973,70.1022
533808,4188560.0,7106,5916,1,-0.0158486,0.301746,36.2193,120.032,20335,7143,5903,4297,0.190413,16,35,4.75586,0.377183,118.516
533810,4188560.0,7106,5917,1,-0.0265899,0.290967,36.0385,123.858,20335,7143,5903,4297,0.166991,24,30,8.23342,0.363709,118.947
533654,4188560.0,7107,5865,1,-0.0167804,0.2079,7.23242,34.788,20335,7118,5870,4279,0.0181666,3,12,1.45939,0.259875,34.271
533658,4188560.0,7107,5866,1,-0.00777709,0.207712,6.99445,33.6737,20335,7118,5869,4279,0.0485449,3,12,0.654708,0.259641,33.2039
533660,4188560.0,7107,5867,1,-0.000577616,0.211346,6.95166,32.8923,20335,7118,5869,4279,0.0727026,3,11,0.0474977,0.264183,32.3806
533724,4188560.0,7107,5888,1,-0.0295816,0.229457,14.8454,64.6979,20335,7120,5871,4279,0.305154,5,24,4.78467,0.286821,65.5258
533726,4188560.0,7107,5889,1,-0.0226569,0.252951,35.7039,141.15,20335,7151,5901,4297,0.299139,10,47,7.99503,0.316188,137.081
533810,4188560.0,7107,5917,1,-0.0161765,0.302809,35.5432,117.378,20335,7143,5903,4297,0.180687,21,30,4.74692,0.378511,116.49
533814,4188560.0,7107,5918,1,-0.0112083,0.29415,35.2617,119.877,20335,7143,5903,4297,0.157537,24,28,3.35904,0.367688,117.301
533648,4188560.0,7108,5863,1,-0.00576498,0.204733,7.04831,34.4268,20335,7118,5869,4279,0.0151105,1,14,0.496174,0.255917,33.4642
533652,4188560.0,7108,5864,1,-0.011149,0.211534,6.94449,32.8292,20335,7118,5869,4279,0.0337955,1,13,0.915031,0.264417,32.2316
533724,4188560.0,7108,5888,1,-0.018934,0.224748,15.6528,69.6458,20335,7122,5870,4279,0.286303,0,31,3.29668,0.280935,69.59
533726,4188560.0,7108,5889,1,-0.0129236,0.247202,27.4291,110.958,20335,7142,5901,4297,0.284021,6,39,3.58495,0.309003,108.729
533816,4188560.0,7108,5919,1,-0.0196189,0.295836,34.5819,116.896,20335,7143,5903,4297,0.121229,24,26,5.73341,0.369794,115.735
533642,4188570.0,7109,5861,1,-0.0195397,0.215531,9.39636,43.5963,20335,7122,5868,4279,0.00672256,2,17,2.12964,0.269414,45.9007
533646,4188570.0,7109,5862,1,-0.0205063,0.212229,7.41156,34.9224,20335,7119,5868,4279,0.0250328,1,14,1.79032,0.265287,35.303
533648,4188570.0,7109,5863,1,-0.0167064,0.209647,6.95026,33.1522,20335,7118,5869,4279,0.0459365,0,14,1.38463,0.262059,32.1981
533724,4188570.0,7109,5888,1,-0.00701624,0.215853,15.6619,72.5583,20335,7124,5870,4279,0.251129,1,31,1.27272,0.269816,72.0722
533726,4188570.0,7109,5889,1,-0.0101709,0.244742,25.8221,105.508,20335,7141,5901,4297,0.252802,5,38,2.68277,0.305927,102.656
533816,4188570.0,7109,5919,1,-0.0191108,0.303998,34.3792,113.09,20335,7143,5903,4297,0.146203,24,25,5.4031,0.379997,113.096
533820,4188570.0,7109,5920,1,-0.0210589,0.297772,34.235,114.97,20335,7143,5903,4297,0.1143,25,25,6.05287,0.372216,114.243
533636,4188570.0,7110,5859,1,-0.00654879,0.186061,10.0627,54.083,20335,7124,5867,4279,0.0442422,5,20,0.885446,0.232576,50.0068
533640,4188570.0,7110,5860,1,-0.0183272,0.211062,10.2065,48.3576,20335,7124,5867,4279,0.0474966,1,19,2.21565,0.263828,46.1803
533642,4188570.0,7110,5861,1,-0.0216026,0.228522,9.3508,40.9186,20335,7122,5868,4279,0.0462254,2,16,2.20987,0.285653,43.1382
533724,4188570.0,7110,5888,1,-0.0153628,0.229985,21.9298,95.3531,20335,7137,5871,4279,0.228208,0,43,3.66222,0.287481,94.2709
533726,4188570.0,7110,5889,1,-0.0156382,0.248556,25.1205,101.066,20335,7141,5901,4297,0.225277,5,37,3.95122,0.310695,101.258
533820,4188570.0,7110,5920,1,-0.00964434,0.302689,33.7808,111.602,20335,7143,5903,4297,0.141555,25,24,2.69083,0.378361,111.614
533822,4188570.0,7110,5921,1,-0.02714,0.298248,33.9171,113.721,20335,7143,5903,4297,0.106877,24,26,7.71598,0.372809,112.838
533826,4188570.0,7110,5922,1,-0.0364081,0.288315,33.8054,117.252,20335,7143,5903,4297,0.0777775,16,35,10.6723,0.360393,113.989
533634,4188570.0,7111,5858,1,-0.00672604,0.206298,9.91379,48.0557,20335,7124,5867,4279,0.0259038,4,17,0.808061,0.257872,49.3851
533636,4188570.0,7111,5859,1,-0.00733913,0.217442,9.9848,45.9195,20335,7124,5867,4279,0.0530184,3,17,0.842522,0.271802,44.0795
533640,4188570.0,7111,5860,1,-0.010369,0.220949,9.69748,43.8902,20335,7123,5868,4279,0.0619437,1,18,1.13775,0.276186,43.7346
533724,4188570.0,7111,5888,1,-0.0252242,0.231312,23.1729,100.181,20335,7140,5871,4279,0.225538,7,38,6.31743,0.28914,102.704
533726,4188570.0,7111,5889,1,-0.0234136,0.243634,23.7823,97.6147,20335,7140,5901,4297,0.223017,4,36,5.71377,0.304542,93.3877
533826,4188570.0,7111,5922,1,-0.0207256,0.296627,33.4355,112.719,20335,7143,5903,4297,0.103131,19,31,5.84043,0.370783,111.553
533828,4188570.0,7111,5923,1,-0.0342757,0.292739,34.0541,116.329,20335,7144,5903,4297,0.0666597,15,37,9.96817,0.365924,117.512
533630,4188580.0,7112,5857,1,-0.0121088,0.212874,9.84924,46.268,20335,7124,5867,4279,0.0257787,5,16,1.40062,0.266092,48.495
533634,4188580.0,7112,5858,1,-0.0188629,0.224608,9.89001,44.0324,20335,7124,5867,4279,0.0483531,3,17,2.07644,0.28076,42.9167
533724,4188580.0,7112,5888,1,-0.0167723,0.223639,24.1122,107.818,20335,7143,5871,4279,0.232682,4,43,4.52088,0.279549,107.908
533726,4188580.0,7112,5889,1,-0.0146801,0.244558,23.0615,94.2986,20335,7140,5901,4297,0.223259,4,35,3.46078,0.305697,90.9497
533828,4188580.0,7112,5923,1,-0.0259116,0.301217,33.8175,112.27,20335,7144,5903,4297,0.103335,14,37,7.27271,0.376521,115.194
533832,4188580.0,7112,5924,1,-0.0359552,0.290202,33.7964,116.458,20335,7144,5903,4297,0.0678351,15,37,10.4682,0.362752,115.562
533628,4188580.0,7113,5856,1,-0.0145406,0.213994,9.80618,45.8246,20335,7124,5867,4279,0.0247572,5,16,1.66579,0.267492,47.9852
533832,4188580.0,7113,5924,1,-0.0243995,0.296959,33.4873,112.768,20335,7144,5903,4297,0.123747,17,34,6.87867,0.371198,113.22
533834,4188580.0,7113,5925,1,-0.0358987,0.28795,33.5057,116.359,20335,7144,5903,4297,0.0854022,13,39,10.4429,0.359938,113.96
533624,4188580.0,7114,5855,1,-0.010717,0.212485,9.76968,45.9782,20335,7124,5867,4279,0.014459,5,16,1.23187,0.265607,47.9421
533628,4188580.0,7114,5856,1,-0.0141998,0.223379,9.70447,43.4439,20335,7124,5867,4279,0.0569584,5,15,1.54224,0.279224,45.8338
533726,4188580.0,7114,5889,1,-0.00325992,0.236203,17.3254,73.3496,20335,7135,5900,4297,0.189828,1,30,0.597785,0.295253,70.7307
533838,4188580.0,7114,5926,1,-0.0308859,0.288603,34.7898,120.545,20335,7146,5903,4297,0.114119,2,52,9.30789,0.360754,119.005
533840,4188580.0,7114,5927,1,-0.0268018,0.282095,39.62,140.449,20335,7152,5903,4297,0.0964065,5,58,9.41073,0.352618,136.258
533622,4188580.0,7115,5854,1,-0.0117143,0.20397,9.78864,47.9906,20335,7124,5867,4279,0.0230091,5,16,1.40544,0.254962,48.3572
533624,4188580.0,7115,5855,1,-0.0157383,0.218293,9.73926,44.6156,20335,7124,5867,4279,0.0493091,5,15,1.75543,0.272866,45.8377
533720,4188580.0,7115,5887,1,-0.00209883,0.223944,21.7742,97.2307,20335,7142,5871,4279,0.166565,6,36,0.510176,0.27993,94.0866
533724,4188580.0,7115,5888,1,-0.0117975,0.252318,30.0876,119.245,20335,7151,5901,4297,0.155937,5,45,3.51697,0.315397,114.076
533726,4188580.0,7115,5889,1,-0.00889304,0.240384,16.8347,70.0325,20335,7135,5900,4297,0.161955,1,29,1.557,0.30048,68.4258
533618,4188590.0,7116,5853,1,-0.0133037,0.200635,10.0316,49.9991,20335,7125,5867,4279,0.0134749,4,18,1.66293,0.250793,51.9415
533622,4188590.0,7116,5854,1,-0.0170993,0.214112,10.0038,46.7223,20335,7125,5867,4279,0.037485,3,18,1.9973,0.26764,49.202
533720,4188590.0,7116,5887,1,-0.0155876,0.23698,31.1656,131.511,20335,7153,5901,4297,0.164602,15,39,5.12486,0.296225,119.176
533724,4188590.0,7116,5888,1,-0.0213839,0.259801,29.675,114.222,20335,7151,5901,4297,0.153395,10,37,6.10628,0.324752,112.253
533726,4188590.0,7116,5889,1,-0.0200269,0.248399,17.2815,69.5713,20335,7136,5900,4297,0.158158,3,27,3.48325,0.310499,68.5802
533618,4188590.0,7117,5853,1,-0.0122214,0.220867,11.3103,51.2089,20335,7127,5867,4279,0.0202839,4,19,1.56461,0.276083,53.2897
533720,4188590.0,7117,5887,1,-0.0100263,0.254753,30.7474,120.695,20335,7153,5901,4297,0.168259,11,38,3.0253,0.318442,117.292
533724,4188590.0,7117,5888,1,-0.0260307,0.266503,29.2509,109.758,20335,7151,5901,4297,0.175243,10,36,7.14272,0.333129,110.256
533618,4188590.0,7118,5853,1,-0.0124659,0.233182,11.6552,49.9836,20335,7128,5867,4279,0.0252562,7,16,1.55772,0.291477,53.7024
533718,4188590.0,7118,5886,1,-0.000632972,0.235404,30.1981,128.282,20335,7153,5901,4297,0.129005,8,45,0.202997,0.294255,114.183
533616,4188600.0,7119,5852,1,-0.0182853,0.213787,14.8185,69.3145,20335,7134,5868,4279,0.0148006,1,29,3.16859,0.267234,67.0325
533618,4188600.0,7119,5853,1,-0.0117007,0.23878,11.5637,48.4283,20335,7128,5867,4279,0.035622,5,17,1.41662,0.298475,51.7637
533714,4188600.0,7119,5885,1,-0.0204967,0.244549,19.8112,81.0111,20335,7142,5871,4279,0.124331,5,31,4.15114,0.305687,82.2986
533718,4188600.0,7119,5886,1,-0.0147192,0.243974,29.7901,122.104,20335,7153,5901,4297,0.126487,15,35,4.49316,0.304967,112.039
533616,4188600.0,7120,5852,1,-0.0175972,0.226702,14.7433,65.034,20335,7134,5868,4279,0.0249552,1,28,2.86105,0.283378,65.8783
533714,4188600.0,7120,5885,1,-0.00886735,0.23973,19.9106,83.0543,20335,7143,5871,4279,0.137708,3,33,1.84118,0.299663,82.0513
533718,4188600.0,7120,5886,1,-0.0114687,0.248689,29.4474,118.411,20335,7153,5901,4297,0.132546,17,32,3.39503,0.310862,109.394
533720,4188600.0,7120,5887,1,-0.0099685,0.265383,28.732,108.266,20335,7152,5901,4297,0.137011,9,36,2.69812,0.331729,104.842
533612,4188600.0,7121,5851,1,-0.016995,0.187158,19.7067,105.295,20335,7151,5853,4299,0.0398593,1,44,4.47371,0.233947,91.655
533616,4188600.0,7121,5852,1,-0.0125062,0.234114,14.62,62.4483,20335,7134,5868,4279,0.0416555,2,26,1.95248,0.292642,63.641
533714,4188600.0,7121,5885,1,-0.0176325,0.23795,20.1618,84.7315,20335,7144,5871,4279,0.136804,2,34,3.73506,0.297437,81.5588
533718,4188600.0,7121,5886,1,-0.00831681,0.251845,28.9725,115.041,20335,7153,5901,4297,0.137486,17,31,2.39194,0.314806,106.72
533604,4188610.0,7122,5848,1,-0.00285829,0.187142,18.964,101.335,20335,7151,5853,4299,0.0963644,1,42,0.724108,0.233928,89.6175
533612,4188610.0,7122,5851,1,-0.00904768,0.207572,19.4903,93.8967,20335,7150,5853,4299,0.0471922,0,39,2.12387,0.259465,85.1031
533616,4188610.0,7122,5852,1,-0.0145644,0.239725,14.4805,60.4046,20335,7134,5868,4279,0.0564215,1,26,2.19939,0.299656,61.1903
533714,4188610.0,7122,5885,1,-0.0226944,0.242575,20.4132,84.1521,20335,7145,5871,4279,0.150162,2,34,4.77446,0.303219,82.3919
533718,4188610.0,7122,5886,1,-0.0155012,0.255102,28.5712,111.999,20335,7153,5901,4297,0.151019,17,30,4.34031,0.318878,104.032
533592,4188610.0,7123,5844,1,-0.0331662,0.189339,18.2558,96.4188,20335,7151,5853,4299,0.0600751,0,38,7.99461,0.236674,89.5678
533594,4188610.0,7123,5845,1,-0.0211701,0.194327,18.4015,94.6935,20335,7151,5853,4299,0.0690958,0,39,5.01167,0.242909,88.7725
533612,4188610.0,7123,5851,1,-0.00781993,0.230609,19.6289,85.1178,20335,7150,5854,4299,0.0516271,0,33,1.66404,0.288262,79.8902
533616,4188610.0,7123,5852,1,-0.0126368,0.241767,14.262,58.9905,20335,7134,5868,4279,0.0683023,4,22,1.86363,0.302209,58.6815
533714,4188610.0,7123,5885,1,-0.0241395,0.239382,19.9579,83.3727,20335,7145,5871,4279,0.176033,3,32,5.03145,0.299228,78.2027
533718,4188610.0,7123,5886,1,-0.026303,0.25828,28.1894,109.143,20335,7153,5901,4297,0.175226,17,29,7.17696,0.32285,101.344
533588,4188610.0,7124,5843,1,-0.0267152,0.195916,18.0933,92.3523,20335,7151,5853,4299,0.0592583,0,36,6.16802,0.244895,87.721
533592,4188610.0,7124,5844,1,-0.0130897,0.196374,18.0039,91.6816,20335,7151,5853,4299,0.101915,0,37,3.0002,0.245467,86.7899
533612,4188610.0,7124,5851,1,-0.0411744,0.238294,19.5284,81.9508,20335,7150,5854,4299,0.0704163,0,32,8.4357,0.297867,76.9103
533616,4188610.0,7124,5852,1,-0.0334878,0.247166,14.5648,58.9272,20335,7135,5868,4279,0.0997048,3,23,4.93336,0.308958,58.6988
533714,4188610.0,7124,5885,1,-0.0120894,0.241642,19.9175,82.4256,20335,7146,5871,4279,0.204256,4,31,2.49119,0.302052,79.0557
533718,4188610.0,7124,5886,1,-0.010928,0.259348,27.5441,106.205,20335,7153,5901,4297,0.200729,17,28,2.90152,0.324185,98.682
533576,4188620.0,7125,5839,1,-0.0335643,0.189381,18.1046,95.5988,20335,7151,5853,4299,0.00803742,0,39,8.02176,0.236726,89.4365
533580,4188620.0,7125,5840,1,-0.0210032,0.19172,17.8238,92.9678,20335,7151,5853,4299,0.026051,0,38,4.88155,0.239651,88.1088
533582,4188620.0,7125,5841,1,-0.0229708,0.195661,17.9295,91.6355,20335,7151,5853,4299,0.0460956,0,37,5.26236,0.244577,86.9821
533586,4188620.0,7125,5842,1,-0.0209184,0.197667,17.8497,90.3022,20335,7151,5853,4299,0.0695019,0,38,4.72245,0.247083,85.9005
533612,4188620.0,7125,5851,1,-0.0509323,0.24593,19.3945,78.8616,20335,7150,5854,4299,0.118084,1,28,10.0415,0.307413,73.9321
533616,4188620.0,7125,5852,1,-0.0492199,0.260526,21.751,83.4885,20335,7147,5869,4279,0.15084,10,28,10.2732,0.325658,84.0948
533718,4188620.0,7125,5886,1,-0.000263124,0.260362,26.813,102.984,20335,7153,5901,4297,0.210987,17,27,0.0677437,0.325452,96.0668
533570,4188620.0,7126,5837,1,-0.0403492,0.174015,17.9378,103.082,20335,7151,5853,4299,0.0582754,0,40,10.3982,0.217519,89.2008
533574,4188620.0,7126,5838,1,-0.0489269,0.188658,18.0115,95.4715,20335,7151,5853,4299,0.0707451,0,39,11.6778,0.235823,88.1135
533576,4188620.0,7126,5839,1,-0.0409815,0.193726,17.9139,92.4702,20335,7151,5853,4299,0.0946352,0,38,9.47392,0.242158,86.7211
533580,4188620.0,7126,5840,1,-0.0229382,0.194483,17.6168,90.5826,20335,7151,5853,4299,0.105991,0,37,5.19451,0.243104,85.3383
533612,4188620.0,7126,5851,1,-0.0345983,0.246617,18.7096,75.8649,20335,7150,5854,4299,0.170947,1,27,6.56199,0.308271,70.9499
533616,4188620.0,7126,5852,1,-0.0344191,0.256409,18.7849,73.2617,20335,7150,5855,4299,0.182976,5,23,6.30401,0.320511,71.0624
533618,4188620.0,7126,5853,1,-0.0118444,0.260441,14.7916,56.7946,20335,7138,5868,4279,0.188602,6,20,1.68174,0.325551,59.0833
533714,4188620.0,7126,5885,1,-0.00489807,0.239104,19.7972,82.7973,20335,7148,5871,4279,0.20261,4,31,1.01387,0.298881,78.3379
533570,4188620.0,7127,5837,1,-0.0428211,0.177887,17.6371,99.1475,20335,7151,5853,4299,0.138247,0,39,10.614,0.222359,86.7488
533612,4188620.0,7127,5851,1,-0.0113985,0.249877,18.2228,72.9272,20335,7150,5854,4299,0.19003,0,29,2.07814,0.312346,67.9641
533616,4188620.0,7127,5852,1,-0.00667389,0.253365,18.0327,71.1729,20335,7150,5854,4299,0.193914,4,24,1.1875,0.316707,67.8022
533618,4188620.0,7127,5853,1,-0.011964,0.264663,21.4092,80.8924,20335,7151,5866,4299,0.194524,16,20,2.4195,0.330828,80.6279
533622,4188620.0,7127,5854,1,-0.00867983,0.264862,13.2314,49.9561,20335,7136,5868,4279,0.195678,4,18,1.08403,0.331077,50.5429
533714,4188620.0,7127,5885,1,-0.00656771,0.244082,20.9604,85.8746,20335,7151,5871,4280,0.209057,6,31,1.41,0.305102,84.6615
533570,4188620.0,7128,5837,1,-0.0229888,0.176932,17.0269,96.2343,20335,7151,5853,4299,0.19088,0,38,5.53078,0.221165,84.3001
533616,4188620.0,7128,5852,1,-0.0164494,0.254118,17.5177,68.9353,20335,7150,5854,4299,0.197594,1,26,2.83487,0.317648,64.7448
533618,4188620.0,7128,5853,1,-0.0194233,0.261996,17.4775,66.7091,20335,7150,5855,4299,0.190979,5,20,3.23927,0.327494,64.7766
533622,4188620.0,7128,5854,1,-0.00236159,0.266412,18.765,70.4362,20335,7146,5869,4279,0.186327,10,22,0.415854,0.333015,70.8222
533570,4188630.0,7129,5837,1,-0.0207855,0.17524,16.3917,93.5381,20335,7151,5853,4299,0.229482,0,37,4.8606,0.219051,81.8814
533618,4188630.0,7129,5853,1,-0.00946582,0.260157,16.78,64.4994,20335,7150,5854,4299,0.188016,4,19,1.52635,0.325196,61.6164
533622,4188630.0,7129,5854,1,-0.00776742,0.273511,18.6563,68.2106,20335,7151,5861,4299,0.181404,6,22,1.32455,0.341888,67.7648
533624,4188630.0,7129,5855,1,-0.0152268,0.275213,16.2585,59.0761,20335,7143,5869,4279,0.169551,9,18,2.24885,0.344017,60.2577
533712,4188630.0,7129,5884,1,-0.00215231,0.248778,15.4176,61.9734,20335,7144,5871,4279,0.241609,2,25,0.333465,0.310973,59.6453
533714,4188630.0,7129,5885,1,-0.00439503,0.247847,24.336,98.1898,20335,7153,5901,4297,0.220551,9,32,1.07887,0.309809,86.1723
533718,4188630.0,7129,5886,1,-0.00759005,0.27439,24.4024,88.9333,20335,7153,5901,4297,0.208349,19,19,1.68752,0.342987,85.9454
533570,4188630.0,7130,5837,1,-0.0164013,0.172797,15.7086,90.9079,20335,7151,5853,4299,0.269327,0,36,3.72752,0.215996,79.4997
533622,4188630.0,7130,5854,1,-0.0170572,0.276377,16.4751,59.6111,20335,7150,5856,4299,0.18123,5,16,2.542,0.345471,58.7258
533624,4188630.0,7130,5855,1,-0.02197,0.272089,20.3917,74.9449,20335,7152,5867,4299,0.172891,12,21,4.11635,0.340111,74.5384
533712,4188630.0,7130,5884,1,-0.000599251,0.254277,15.3333,60.3016,20335,7145,5871,4279,0.245897,2,25,0.0903395,0.317847,61.0208
533714,4188630.0,7130,5885,1,-0.0166245,0.252781,23.7183,93.8295,20335,7153,5901,4297,0.231189,8,32,3.89967,0.315976,83.985
533718,4188630.0,7130,5886,1,-0.0184589,0.277596,23.8051,85.7544,20335,7153,5901,4297,0.222542,19,18,3.95734,0.346995,83.4553
533570,4188630.0,7131,5837,1,-0.00104621,0.166546,14.72,88.3843,20335,7151,5853,4299,0.288181,0,35,0.231172,0.208182,77.158
533622,4188630.0,7131,5854,1,-0.0202971,0.273469,15.5876,56.9996,20335,7150,5855,4299,0.188337,5,16,2.89232,0.341836,55.575
533624,4188630.0,7131,5855,1,-0.0109097,0.283756,17.4918,61.644,20335,7151,5861,4299,0.18913,6,19,1.6813,0.354695,61.3013
533628,4188630.0,7131,5856,1,-0.0161155,0.282678,17.9799,63.6057,20335,7148,5869,4279,0.185061,10,19,2.56259,0.353347,65.4707
533712,4188630.0,7131,5884,1,-0.00541755,0.253935,15.2176,59.9271,20335,7146,5871,4279,0.245399,3,24,0.811645,0.317419,61.4669
533714,4188630.0,7131,5885,1,-0.0131654,0.258155,22.9768,89.0038,20335,7153,5901,4297,0.23834,8,31,2.92944,0.322694,81.9398
533622,4188640.0,7132,5854,1,-0.0224051,0.278184,15.0361,54.0509,20335,7150,5855,4299,0.203573,5,15,3.02754,0.34773,52.5693
533624,4188640.0,7132,5855,1,-0.0179728,0.27856,15.9282,57.1805,20335,7151,5858,4299,0.196912,6,15,2.56923,0.3482,56.4369
533628,4188640.0,7132,5856,1,-0.026106,0.288197,18.2439,63.3037,20335,7151,5866,4299,0.19529,16,12,4.13151,0.360246,63.0962
533630,4188640.0,7132,5857,1,-0.0287097,0.291208,16.156,55.4792,20335,7146,5869,4279,0.215254,9,16,3.98197,0.36401,55.7987
533714,4188640.0,7132,5885,1,-0.00545393,0.266877,22.2263,83.2829,20335,7153,5901,4297,0.232992,13,23,1.13555,0.333596,80.0235
533570,4188640.0,7133,5837,1,-0.00340683,0.156217,13.1351,84.0826,20335,7151,5853,4299,0.274568,0,33,0.716139,0.195271,72.6028
533624,4188640.0,7133,5855,1,-0.0244188,0.29725,14.9153,50.1775,20335,7150,5857,4299,0.227685,6,12,3.06318,0.371563,49.9053
533628,4188640.0,7133,5856,1,-0.0304569,0.298359,16.8842,56.5902,20335,7151,5863,4299,0.22882,7,17,4.3089,0.372949,56.3377
533630,4188640.0,7133,5857,1,-0.0306402,0.278673,18.172,65.2092,20335,7151,5869,4280,0.237915,8,21,4.99507,0.348341,65.2646
533628,4188640.0,7134,5856,1,-0.0239129,0.298593,15.5162,51.9643,20335,7151,5861,4299,0.261133,6,15,3.10655,0.373241,51.6386
533630,4188640.0,7134,5857,1,-0.0231424,0.294989,16.7104,56.6477,20335,7151,5866,4299,0.266199,14,11,3.27741,0.368736,56.4579
533634,4188640.0,7134,5858,1,-0.0266455,0.292808,15.9884,54.6039,20335,7149,5869,4279,0.269185,6,19,3.63737,0.366009,57.6341
533870,4188640.0,7134,5937,1,-0.0077485,0.251153,63.7238,253.725,20335,7217,5940,4300,0.0937007,17,80,4.91498,0.313941,247.655
533628,4188640.0,7135,5856,1,-0.0099262,0.295215,14.224,48.1819,20335,7151,5860,4299,0.27557,5,14,1.19566,0.369019,47.7381
533630,4188640.0,7135,5857,1,-0.0134859,0.298259,15.3895,51.5978,20335,7151,5864,4299,0.279082,9,13,1.7396,0.372824,51.3552
533634,4188640.0,7135,5858,1,-0.0194663,0.283575,16.6233,58.6205,20335,7152,5868,4299,0.275653,3,23,2.85281,0.354468,58.0843
533708,4188640.0,7135,5883,1,-0.00490266,0.258714,13.3288,51.5193,20335,7147,5871,4279,0.140013,7,16,0.631455,0.323392,51.9913
533712,4188640.0,7135,5884,1,-0.00299142,0.260927,20.3054,77.8202,20335,7153,5901,4297,0.156143,8,26,0.581982,0.326159,74.6044
533868,4188640.0,7135,5936,1,-0.0129574,0.238206,65.2939,274.107,20335,7219,5936,4300,0.117424,6,109,8.87931,0.297758,250.501
533870,4188640.0,7135,5937,1,-0.0372288,0.253748,63.614,250.697,20335,7217,5940,4300,0.120496,18,84,23.3329,0.317185,244.657
533630,4188650.0,7136,5857,1,-0.0121693,0.30289,14.2855,47.1639,20335,7151,5863,4299,0.281677,7,13,1.43488,0.378612,46.941
533634,4188650.0,7136,5858,1,-0.0229557,0.293799,14.8354,50.495,20335,7151,5866,4299,0.288927,9,13,2.89787,0.367249,50.2816
533708,4188650.0,7136,5883,1,-0.0231709,0.266066,15.2899,57.4666,20335,7151,5871,4280,0.126402,6,20,3.32889,0.332582,59.6845
533712,4188650.0,7136,5884,1,-0.00951997,0.26737,19.9372,74.5681,20335,7153,5901,4297,0.144711,8,25,1.77471,0.334212,72.5431
533868,4188650.0,7136,5936,1,-0.0348906,0.243215,64.7391,266.18,20335,7219,5938,4300,0.153709,8,102,23.218,0.304019,247.542
533870,4188650.0,7136,5937,1,-0.0312546,0.254765,63.1289,247.793,20335,7217,5940,4300,0.169511,14,91,19.3616,0.318456,241.659
533874,4188650.0,7136,5938,1,-0.0170692,0.235467,61.269,260.202,20335,7212,5951,4300,0.182115,13,97,11.1036,0.294334,230.176
533630,4188650.0,7137,5857,1,-0.0143875,0.305751,13.1703,43.0755,20335,7151,5862,4299,0.290942,6,12,1.54937,0.382188,42.772
533634,4188650.0,7137,5858,1,-0.0276882,0.300209,13.7643,45.8491,20335,7151,5865,4299,0.301496,9,11,3.17369,0.375261,45.6687
533636,4188650.0,7137,5859,1,-0.0290996,0.286351,14.6698,51.23,20335,7152,5868,4299,0.331132,4,19,3.72693,0.357939,50.8066
533712,4188650.0,7137,5884,1,-0.0159617,0.2699,19.4974,72.2396,20335,7153,5901,4297,0.146866,8,24,2.88267,0.337375,70.392
533870,4188650.0,7137,5937,1,-0.00812439,0.254691,62.444,245.176,20335,7217,5940,4300,0.192375,7,87,4.97976,0.318364,238.661
533630,4188650.0,7138,5857,1,-0.0154511,0.303908,11.9644,39.3685,20335,7151,5861,4299,0.301044,5,11,1.52072,0.379885,39.0397
533634,4188650.0,7138,5858,1,-0.0220572,0.30603,12.6852,41.4508,20335,7151,5864,4299,0.311978,6,12,2.28572,0.382537,41.2638
533636,4188650.0,7138,5859,1,-0.0292058,0.296093,12.8244,43.312,20335,7151,5866,4299,0.333759,7,12,3.1624,0.370116,43.1721
533874,4188650.0,7138,5938,1,-0.00151668,0.25574,61.7938,241.627,20335,7217,5940,4300,0.163985,12,80,0.916178,0.319675,235.572
533634,4188660.0,7139,5858,1,-0.0119614,0.305142,11.4664,37.5771,20335,7151,5863,4299,0.319697,5,11,1.12369,0.381428,37.3748
533636,4188660.0,7139,5859,1,-0.02222,0.297056,11.6172,39.1079,20335,7151,5865,4299,0.334318,6,11,2.17245,0.371321,38.9405
533640,4188660.0,7139,5860,1,-0.0199778,0.281116,12.1916,43.3686,20335,7152,5867,4299,0.334366,3,16,2.16602,0.351395,43.1706
533874,4188660.0,7139,5938,1,-0.0113895,0.257262,61.3317,238.402,20335,7217,5940,4300,0.166528,17,74,6.7882,0.321577,232.571
533634,4188660.0,7140,5858,1,-0.016523,0.304623,10.2824,33.7545,20335,7151,5862,4299,0.3309,4,10,1.39431,0.380779,33.4808
533636,4188660.0,7140,5859,1,-0.0156435,0.296988,10.433,35.1295,20335,7151,5864,4299,0.335341,3,12,1.37387,0.371235,34.9435
533640,4188660.0,7140,5860,1,-0.0207959,0.292634,10.5279,35.9764,20335,7151,5866,4299,0.340766,5,11,1.8704,0.365792,35.8725
533870,4188660.0,7140,5937,1,-0.00615404,0.257409,60.9111,236.632,20335,7217,5940,4300,0.178213,10,81,3.64061,0.321761,229.667
533874,4188660.0,7140,5938,1,-0.0162879,0.258509,60.8556,235.41,20335,7217,5940,4300,0.189473,16,76,9.58585,0.323137,229.572
533570,4188660.0,7141,5837,1,-0.0037348,0.120832,7.62634,63.1154,20335,7151,5853,4299,0.155895,0,25,0.589309,0.15104,57.3285
533636,4188660.0,7141,5859,1,-0.0298617,0.29573,9.26154,31.3175,20335,7151,5863,4299,0.362591,2,11,2.33799,0.369662,31.1465
533640,4188660.0,7141,5860,1,-0.0232835,0.29265,9.42392,32.2021,20335,7151,5865,4299,0.365991,3,11,1.87444,0.365812,32.0348
533642,4188660.0,7141,5861,1,-0.0206357,0.279241,9.04662,32.3972,20335,7151,5866,4299,0.3606,3,11,1.67135,0.349051,32.3272
533870,4188660.0,7141,5937,1,-0.0170551,0.257957,60.3076,233.789,20335,7217,5940,4300,0.197743,9,81,9.96823,0.322447,226.669
533874,4188660.0,7141,5938,1,-0.0070864,0.259291,60.2687,232.436,20335,7217,5940,4300,0.195773,17,76,4.11784,0.324114,226.573
533570,4188670.0,7142,5837,1,-0.00141618,0.119122,7.19534,60.4033,20335,7151,5853,4299,0.138966,0,24,0.213855,0.148902,55.8644
533636,4188670.0,7142,5859,1,-0.0206659,0.296229,8.25098,27.8533,20335,7151,5863,4299,0.391069,1,11,1.43904,0.370287,27.6531
533640,4188670.0,7142,5860,1,-0.0142126,0.282003,8.06296,28.5917,20335,7151,5864,4299,0.378608,1,11,1.0159,0.352504,28.4084
533642,4188670.0,7142,5861,1,-0.00411486,0.278325,8.06657,28.9826,20335,7151,5866,4299,0.363613,2,11,0.298148,0.347906,28.8634
533870,4188670.0,7142,5937,1,-0.0107432,0.258968,59.7857,230.861,20335,7217,5940,4300,0.205829,9,82,6.20049,0.32371,223.671
533642,4188670.0,7143,5861,1,-0.006159,0.267441,6.82416,25.5165,20335,7151,5865,4299,0.342603,1,10,0.39289,0.334302,25.3587
533646,4188670.0,7143,5862,1,-0.00804178,0.263878,6.7119,25.4356,20335,7151,5866,4299,0.324436,0,11,0.511369,0.329848,25.3695
533870,4188670.0,7143,5937,1,-0.00616196,0.259137,58.9986,227.674,20335,7217,5940,4300,0.203036,10,78,3.50729,0.323921,220.673
533874,4188670.0,7143,5938,1,-0.00743794,0.260819,59.0772,226.507,20335,7217,5940,4300,0.194267,17,80,4.21186,0.326024,220.575
533570,4188670.0,7144,5837,1,-0.00173496,0.116733,6.44589,55.2193,20335,7151,5853,4299,0.121141,0,22,0.239509,0.145916,53.3187
533574,4188670.0,7144,5838,1,-0.0120315,0.126621,6.42242,50.7217,20335,7151,5853,4299,0.134307,0,21,1.52564,0.158276,50.6655
533642,4188670.0,7144,5861,1,-0.00793433,0.253426,5.63574,22.2382,20335,7151,5864,4299,0.328218,0,9,0.441113,0.316783,22.0878
533646,4188670.0,7144,5862,1,-0.0092013,0.263047,5.86232,22.2862,20335,7151,5866,4299,0.318493,0,10,0.512655,0.328809,22.1793
533648,4188670.0,7144,5863,1,-0.00606684,0.247291,5.39909,21.833,20335,7151,5866,4299,0.308996,0,9,0.331143,0.309114,21.7886
533868,4188670.0,7144,5936,1,-0.0206234,0.252641,58.3483,230.953,20335,7217,5940,4300,0.247884,8,86,11.9076,0.315801,217.765
533870,4188670.0,7144,5937,1,-0.0177407,0.260802,58.4942,224.286,20335,7217,5940,4300,0.219655,7,80,9.94747,0.326002,217.676
533874,4188670.0,7144,5938,1,-0.0248661,0.262058,58.5776,223.529,20335,7217,5940,4300,0.206029,17,79,13.8958,0.327572,217.576
533646,4188680.0,7145,5862,1,-0.00332736,0.244206,4.65039,19.0429,20335,7151,5865,4299,0.313264,0,8,0.158406,0.305258,18.932
533648,4188680.0,7145,5863,1,-0.00725229,0.245047,4.58742,18.7206,20335,7151,5866,4299,0.308185,0,8,0.339418,0.306308,18.6585
533868,4188680.0,7145,5936,1,-0.0349344,0.255111,57.6418,225.948,20335,7217,5940,4300,0.282145,7,84,19.7334,0.318888,214.791
533870,4188680.0,7145,5937,1,-0.0415842,0.262002,57.9188,221.062,20335,7217,5940,4300,0.261254,5,81,22.9817,0.327503,214.679
533874,4188680.0,7145,5938,1,-0.0355686,0.2625,57.8931,220.545,20335,7217,5940,4300,0.251829,16,79,19.6112,0.328125,214.577
533868,4188680.0,7146,5936,1,-0.0189313,0.256905,56.7344,220.838,20335,7217,5940,4300,0.308346,9,79,10.4519,0.321131,211.82
533870,4188680.0,7146,5937,1,-0.028391,0.261533,57.0092,217.981,20335,7217,5940,4300,0.306441,6,83,15.4718,0.326917,211.681
533574,4188680.0,7147,5838,1,-0.00302321,0.120044,5.52808,46.0503,20335,7151,5853,4299,0.0581379,0,18,0.348049,0.150055,47.7131
533576,4188680.0,7148,5839,1,-0.0175877,0.12399,5.20206,41.9554,20335,7151,5853,4299,0.0921659,0,16,1.84474,0.154988,44.1481
533864,4188680.0,7148,5935,1,-0.020838,0.253329,54.8103,216.36,20335,7217,5940,4300,0.283388,6,81,11.2713,0.316662,205.989
533576,4188690.0,7149,5839,1,-0.0197956,0.121801,5.11557,41.9995,20335,7151,5853,4299,0.0915659,0,17,2.07851,0.152251,43.7321
533580,4188690.0,7149,5840,1,-0.00321683,0.125204,4.80298,38.3613,20335,7151,5853,4299,0.115269,0,16,0.308505,0.156505,40.7492
533648,4188690.0,7149,5863,1,-0.016678,0.2678,1.48978,5.56301,20335,7151,5864,4299,0.187172,0,2,0.231949,0.334751,5.55634
533652,4188690.0,7149,5864,1,-0.00394197,0.226096,1.27209,5.62634,20335,7151,5865,4299,0.200981,0,2,0.0554471,0.28262,5.62412
533862,4188690.0,7149,5934,1,-0.0125469,0.249445,53.4902,214.437,20335,7217,5940,4300,0.351714,4,83,6.72631,0.311806,203.192
533864,4188690.0,7149,5935,1,-0.0255454,0.255305,54.0622,211.755,20335,7217,5940,4300,0.304253,8,76,13.5234,0.319131,203.026
533868,4188690.0,7149,5936,1,-0.0290515,0.259982,54.3537,209.067,20335,7217,5940,4300,0.264666,7,74,15.1843,0.324978,202.841
533870,4188690.0,7149,5937,1,-0.00643155,0.26074,54.4584,208.861,20335,7217,5940,4300,0.225803,6,78,3.35825,0.325925,202.689
533576,4188690.0,7150,5839,1,-0.0238712,0.258862,94.7971,366.207,20335,7256,5829,4285,0.0844122,28,133,21.8544,0.323578,317.991
533580,4188690.0,7150,5840,1,-0.0100413,0.111131,4.67764,42.0913,20335,7152,5853,4299,0.0879193,0,16,1.05663,0.138913,40.7177
533582,4188690.0,7150,5841,1,-0.00979663,0.124357,4.37921,35.2147,20335,7151,5853,4299,0.102475,0,14,0.862463,0.155447,37.53
533586,4188690.0,7150,5842,1,-0.0173927,0.127964,4.08875,31.9523,20335,7152,5853,4299,0.13372,0,14,1.38934,0.159955,35.3058
533588,4188690.0,7150,5843,1,-0.0142423,0.128066,3.70898,28.9614,20335,7151,5853,4299,0.152389,0,12,1.03119,0.160083,31.5357
533660,4188690.0,7150,5867,1,-0.00300284,0.237686,1.19987,5.04816,20335,7152,5868,4299,0.188644,0,2,0.0378971,0.297107,5.04432
533862,4188690.0,7150,5934,1,-0.00879755,0.250848,52.5711,209.573,20335,7217,5940,4300,0.375238,5,79,4.60933,0.31356,200.239
533864,4188690.0,7150,5935,1,-0.0250782,0.256971,53.1352,206.775,20335,7217,5940,4300,0.34557,4,77,12.9639,0.321214,200.043
533868,4188690.0,7150,5936,1,-0.0371829,0.260608,53.5951,205.654,20335,7217,5940,4300,0.309595,5,75,19.117,0.32576,199.846
533580,4188690.0,7151,5840,1,-0.0192441,0.258407,33.4243,129.348,20335,7191,5855,4303,0.0799145,7,47,6.22295,0.323008,129.927
533582,4188690.0,7151,5841,1,-0.0210907,0.254901,33.2203,130.326,20335,7191,5855,4303,0.107994,9,44,6.8717,0.318626,125.47
533586,4188690.0,7151,5842,1,-0.0225134,0.103985,4.56665,43.9166,20335,7153,5856,4299,0.139743,0,19,2.47178,0.129981,41.8672
533588,4188690.0,7151,5843,1,-0.0111906,0.119174,3.47681,29.1743,20335,7152,5853,4299,0.157028,0,10,0.816196,0.148967,31.6537
533862,4188690.0,7151,5934,1,-0.0166807,0.253118,51.6958,204.236,20335,7217,5940,4300,0.373536,6,75,8.51698,0.316398,197.294
533864,4188690.0,7151,5935,1,-0.0187571,0.257825,52.2495,202.655,20335,7217,5940,4300,0.372226,5,73,9.50306,0.322281,197.053
533580,4188700.0,7152,5840,1,-0.0362013,0.296743,81.3092,274.005,20335,7237,5850,4285,0.0994275,32,82,24.7984,0.370929,258.328
533582,4188700.0,7152,5841,1,-0.0292306,0.263655,33.0611,125.395,20335,7191,5855,4303,0.121012,7,45,9.16347,0.329568,125.627
533586,4188700.0,7152,5842,1,-0.00868346,0.263594,32.6301,123.789,20335,7191,5855,4303,0.155699,8,43,2.6873,0.329492,121.525
533592,4188700.0,7152,5844,1,-0.00207635,0.0994372,4.0433,40.6619,20335,7153,5857,4299,0.123508,0,17,0.211071,0.124296,38.0468
533594,4188700.0,7152,5845,1,-0.0130775,0.103144,2.79602,27.1079,20335,7152,5854,4299,0.115262,0,10,0.886255,0.12893,26.1875
533598,4188700.0,7152,5846,1,-0.00290693,0.114352,2.2735,19.8815,20335,7152,5853,4299,0.116752,0,8,0.144486,0.14294,22.5096
533862,4188700.0,7152,5934,1,-0.0105243,0.25354,50.6332,199.705,20335,7217,5940,4300,0.350735,2,76,5.25438,0.316925,194.311
533576,4188700.0,7153,5839,1,-0.0267913,0.263333,93.8563,356.416,20335,7256,5829,4285,0.163901,28,130,23.8722,0.329167,309.032
533580,4188700.0,7153,5840,1,-0.0397955,0.297285,80.9913,272.436,20335,7237,5850,4285,0.128932,34,81,27.1044,0.371606,255.351
533582,4188700.0,7153,5841,1,-0.0369942,0.272616,34.7917,127.622,20335,7193,5855,4303,0.134329,4,49,11.8032,0.34077,127.973
533592,4188700.0,7153,5844,1,-0.00461549,0.268149,31.6667,118.093,20335,7191,5855,4303,0.122698,8,40,1.36265,0.335187,116.952
533594,4188700.0,7153,5845,1,-0.0211019,0.261551,31.4119,120.099,20335,7191,5855,4303,0.114373,6,41,6.33577,0.326939,116.605
533598,4188700.0,7153,5846,1,-0.0156672,0.0882732,3.60239,40.8095,20335,7153,5858,4299,0.115074,0,17,1.59843,0.110342,36.7791
533600,4188700.0,7153,5847,1,-0.000904738,0.0889833,2.38531,26.8063,20335,7153,5856,4299,0.103982,0,10,0.0606318,0.111229,28.522
533856,4188700.0,7153,5932,1,-0.0208467,0.247927,49.1646,198.303,20335,7217,5940,4300,0.262405,3,76,10.3349,0.309909,191.914
533858,4188700.0,7153,5933,1,-0.022118,0.251786,49.578,196.905,20335,7217,5940,4300,0.277509,3,73,10.8879,0.314732,191.62
533580,4188700.0,7154,5840,1,-0.0304825,0.298692,80.4898,269.474,20335,7237,5850,4285,0.162639,35,79,20.5356,0.373365,252.374
533582,4188700.0,7154,5841,1,-0.042975,0.30919,80.5057,260.376,20335,7237,5850,4285,0.152316,30,73,27.9742,0.386487,252.019
533594,4188700.0,7154,5845,1,-0.0084795,0.273566,31.1416,113.836,20335,7191,5855,4303,0.122773,8,38,2.41318,0.341957,113.265
533598,4188700.0,7154,5846,1,-0.0119249,0.270317,30.8775,114.227,20335,7191,5855,4303,0.121101,7,38,3.40536,0.337896,112.789
533600,4188700.0,7154,5847,1,-0.00366216,0.264625,30.681,115.941,20335,7191,5856,4303,0.103069,4,43,1.06149,0.330781,112.435
533846,4188700.0,7154,5929,1,-0.00179987,0.230983,48.6286,210.529,20335,7219,5937,4300,0.265748,1,89,0.947311,0.288728,195.027
533852,4188700.0,7154,5931,1,-0.00708803,0.245578,47.8459,194.83,20335,7217,5940,4300,0.267621,3,74,3.4524,0.306972,189.319
533856,4188700.0,7154,5932,1,-0.0353281,0.249802,48.4516,193.961,20335,7217,5940,4300,0.27448,3,73,17.1306,0.312252,188.983
533598,4188700.0,7155,5846,1,-0.00854996,0.277683,30.5432,109.993,20335,7191,5855,4303,0.121693,8,36,2.35109,0.347104,109.642
533600,4188700.0,7155,5847,1,-0.0178166,0.276485,30.416,110.009,20335,7191,5855,4303,0.100928,7,36,4.89998,0.345606,109.186
533604,4188700.0,7155,5848,1,-0.0106617,0.272761,30.1426,110.509,20335,7191,5855,4303,0.0946656,5,37,2.94555,0.340951,108.773
533612,4188700.0,7155,5851,1,-0.0122162,0.100945,1.77002,17.5344,20335,7153,5857,4299,0.0539524,0,7,0.535509,0.126182,17.2794
533616,4188700.0,7155,5852,1,-0.0131989,0.117502,1.69934,14.4622,20335,7153,5857,4299,0.0688478,0,6,0.477211,0.146878,14.3721
533618,4188700.0,7155,5853,1,-0.00820181,0.112648,1.37006,12.1623,20335,7153,5857,4299,0.0782579,0,5,0.249382,0.14081,12.0989
533846,4188700.0,7155,5929,1,-0.00593165,0.23846,47.8674,200.736,20335,7219,5938,4300,0.271036,0,82,2.97674,0.298074,192.321
533850,4188700.0,7155,5930,1,-0.0116699,0.243899,46.74,191.637,20335,7217,5940,4300,0.267111,2,75,5.59096,0.304874,186.752
533852,4188700.0,7155,5931,1,-0.0137069,0.247224,47.2049,190.94,20335,7217,5940,4300,0.265046,2,72,6.543,0.30903,186.38
533600,4188710.0,7156,5847,1,-0.0098515,0.284473,30.2536,106.35,20335,7191,5855,4303,0.115305,9,33,2.61926,0.355591,106.081
533604,4188710.0,7156,5848,1,-0.0185646,0.283807,30.1327,106.173,20335,7191,5855,4303,0.101083,6,35,4.92764,0.354759,105.689
533610,4188710.0,7156,5850,1,-0.00129924,0.28098,29.7496,105.878,20335,7191,5856,4303,0.0656907,7,33,0.343904,0.351225,104.811
533612,4188710.0,7156,5851,1,-0.0149766,0.275386,29.6315,107.6,20335,7191,5856,4303,0.053278,17,26,4.02871,0.344232,104.404
533616,4188710.0,7156,5852,1,-0.0116924,0.0970773,2.23779,23.0517,20335,7153,5859,4299,0.0609149,0,9,0.673823,0.121347,21.9959
533618,4188710.0,7156,5853,1,-0.00890029,0.093506,1.70621,18.247,20335,7153,5858,4299,0.065116,0,7,0.40601,0.116883,17.8277
533622,4188710.0,7156,5854,1,-0.00563475,0.117188,1.83609,15.668,20335,7153,5859,4299,0.0510084,0,7,0.220712,0.146484,15.5126
533624,4188710.0,7156,5855,1,-0.0121053,0.115192,1.68286,14.6092,20335,7153,5859,4299,0.0488378,0,6,0.442123,0.14399,14.5217
533846,4188710.0,7156,5929,1,-0.00346394,0.241963,45.6235,188.556,20335,7217,5940,4300,0.276654,2,73,1.63287,0.302453,184.258
533850,4188710.0,7156,5930,1,-0.0182677,0.245544,46.0889,187.701,20335,7217,5940,4300,0.28002,3,73,8.57217,0.30693,183.832
533616,4188710.0,7157,5852,1,-0.0135236,0.287485,29.4417,102.411,20335,7191,5856,4303,0.069777,18,23,3.46241,0.359357,101.069
533618,4188710.0,7157,5853,1,-0.012664,0.282,29.1301,103.298,20335,7191,5856,4303,0.064515,19,19,3.27041,0.3525,100.799
533622,4188710.0,7157,5854,1,-0.00560725,0.277767,29.0307,104.515,20335,7191,5856,4303,0.0544779,20,21,1.4651,0.347208,100.612
533624,4188710.0,7157,5855,1,-0.00419077,0.10838,2.5083,23.1436,20335,7153,5861,4299,0.0347939,0,9,0.242474,0.135475,22.0209
533628,4188710.0,7157,5856,1,-0.00740119,0.121214,2.34314,19.3307,20335,7153,5861,4299,0.027697,0,8,0.357675,0.151517,19.0818
533630,4188710.0,7157,5857,1,-0.0172544,0.138106,2.42139,17.5328,20335,7153,5862,4299,0.0511833,0,8,0.756293,0.172633,17.4855
533838,4188710.0,7157,5926,1,-0.0100317,0.271564,20.2487,74.5633,20335,7165,5903,4298,0.210548,18,12,1.86999,0.339455,74.3504
533622,4188710.0,7158,5854,1,-0.005357,0.292861,28.9253,98.7679,20335,7191,5856,4303,0.0576105,19,17,1.32275,0.366077,97.6159
533624,4188710.0,7158,5855,1,-0.002229,0.291079,28.826,99.0314,20335,7191,5856,4303,0.0387388,20,17,0.551852,0.363849,97.5158
533630,4188710.0,7158,5857,1,-0.00810366,0.116774,2.4884,21.3095,20335,7153,5862,4299,0.00738177,0,9,0.431712,0.145968,21.1991
533634,4188710.0,7158,5858,1,-0.0286893,0.156877,3.84366,24.5011,20335,7154,5865,4299,0.0457677,0,10,1.75729,0.196097,24.9024
533636,4188710.0,7158,5859,1,-0.0290165,0.178504,3.73761,20.9386,20335,7154,5865,4299,0.100493,0,9,1.51891,0.22313,23.2879
533838,4188710.0,7158,5926,1,-0.00937142,0.264522,19.6773,74.388,20335,7165,5903,4298,0.215312,16,15,1.7428,0.330653,73.3957
533840,4188710.0,7158,5927,1,-0.00331878,0.235706,45.1535,191.567,20335,7219,5938,4300,0.219412,0,79,1.58942,0.294633,184.286
533628,4188720.0,7159,5856,1,-0.00667328,0.299058,28.7506,96.1372,20335,7191,5856,4303,0.0336825,20,17,1.60388,0.373822,94.5082
533630,4188720.0,7159,5857,1,-0.00951791,0.297863,28.7719,96.5945,20335,7191,5856,4303,0.0235836,19,17,2.29844,0.372328,94.595
533634,4188720.0,7159,5858,1,-0.0191609,0.157383,4.41417,28.0473,20335,7154,5866,4299,0.0069304,1,11,1.34353,0.196729,26.4897
533636,4188720.0,7159,5859,1,-0.0238952,0.178303,4.89012,27.4259,20335,7155,5867,4299,0.0453316,1,10,1.63837,0.222879,27.6029
533634,4188720.0,7160,5858,1,-0.0156295,0.306608,28.759,93.7974,20335,7191,5856,4303,0.0376232,18,18,3.66502,0.38326,91.7679
533636,4188720.0,7160,5859,1,-0.0234125,0.164512,5.3674,32.6262,20335,7155,5868,4299,0.0164007,1,12,1.90965,0.20564,31.2844
533640,4188720.0,7160,5860,1,-0.0255574,0.192526,4.85979,25.2422,20335,7155,5867,4299,0.0523129,1,10,1.61281,0.240658,24.9798
533634,4188720.0,7161,5858,1,-0.0172084,0.31585,28.6234,90.6234,20335,7191,5856,4303,0.0763003,16,17,3.89871,0.394812,88.7762
533636,4188720.0,7161,5859,1,-0.0232327,0.317451,28.7677,90.6208,20335,7191,5856,4303,0.0428501,21,17,5.26341,0.396814,89.0353
533832,4188720.0,7161,5924,1,-0.0150914,0.278101,17.8333,64.1251,20335,7165,5903,4298,0.138027,15,9,2.41934,0.347626,65.452
533834,4188720.0,7161,5925,1,-0.0126188,0.23401,43.3746,185.354,20335,7219,5937,4300,0.129058,0,79,5.84737,0.292512,176.312
533838,4188720.0,7161,5926,1,-0.00823492,0.240386,43.4365,180.695,20335,7219,5938,4300,0.14812,0,73,3.72002,0.300483,176.091
533840,4188720.0,7161,5927,1,-0.00786864,0.243716,41.9876,172.281,20335,7217,5940,4300,0.164837,2,66,3.38904,0.304645,170.729
533828,4188730.0,7162,5923,1,-0.0273865,0.285771,17.2578,60.3904,20335,7165,5903,4298,0.160613,14,8,4.1347,0.357214,62.0149
533832,4188730.0,7162,5924,1,-0.0287035,0.244982,23.4458,95.7041,20335,7177,5899,4298,0.137992,7,34,6.8676,0.306227,88.9498
533834,4188730.0,7162,5925,1,-0.0222719,0.239562,42.948,179.277,20335,7219,5938,4300,0.139694,0,73,9.98213,0.299452,173.615
533838,4188730.0,7162,5926,1,-0.0149507,0.242454,43.0146,177.413,20335,7219,5938,4300,0.156291,0,72,6.63113,0.303068,173.168
533826,4188730.0,7163,5922,1,-0.0203408,0.290297,16.5273,56.9326,20335,7165,5903,4298,0.175825,10,10,2.89514,0.362871,58.6827
533828,4188730.0,7163,5923,1,-0.0260713,0.284294,17.8004,62.6127,20335,7167,5903,4298,0.168912,6,17,4.08099,0.355368,62.9486
533832,4188730.0,7163,5924,1,-0.0301774,0.238272,42.5499,178.577,20335,7219,5937,4300,0.160939,0,76,13.4725,0.29784,171.113
533834,4188730.0,7163,5925,1,-0.0227008,0.24154,42.4952,175.934,20335,7219,5938,4300,0.164855,0,72,9.98461,0.301925,170.711
533822,4188730.0,7164,5921,1,-0.00397025,0.301922,16.0892,53.2892,20335,7166,5903,4298,0.150573,11,10,0.528928,0.377403,55.9501
533826,4188730.0,7164,5922,1,-0.00968718,0.286446,16.4579,57.4556,20335,7166,5903,4298,0.158797,8,14,1.39146,0.358058,58.786
533828,4188730.0,7164,5923,1,-0.0149181,0.232895,42.0783,180.675,20335,7220,5935,4300,0.171444,0,75,6.7383,0.291119,170.071
533832,4188730.0,7164,5924,1,-0.0175091,0.240656,42.0184,174.599,20335,7219,5937,4300,0.180759,0,73,7.64266,0.30082,168.311
533822,4188740.0,7165,5921,1,-0.0127792,0.296135,15.8244,53.4365,20335,7166,5903,4298,0.120961,6,12,1.70718,0.370169,55.5521
533826,4188740.0,7165,5922,1,-0.00502933,0.254237,24.4942,96.3441,20335,7181,5897,4298,0.133411,5,37,1.21137,0.317796,90.6404
533828,4188740.0,7165,5923,1,-0.00335232,0.238951,41.2578,172.662,20335,7219,5937,4300,0.158724,0,73,1.44705,0.298689,165.999
533822,4188740.0,7166,5921,1,-0.0256385,0.295904,17.9613,60.6999,20335,7171,5902,4298,0.104382,4,19,3.89063,0.369879,60.5823
533826,4188740.0,7166,5922,1,-0.00279247,0.232174,42.6255,183.593,20335,7222,5932,4300,0.110979,0,77,1.2817,0.290217,169.198
533822,4188740.0,7167,5921,1,-0.0294766,0.269493,23.9483,88.8642,20335,7180,5897,4298,0.112715,5,33,6.54853,0.336866,82.5296
533820,4188740.0,7168,5920,1,-0.0183748,0.288278,17.1395,59.4547,20335,7173,5902,4298,0.164649,4,20,2.73117,0.360347,57.2665
533822,4188740.0,7168,5921,1,-0.0279716,0.285979,47.6238,166.529,20335,7221,5910,4301,0.138309,16,51,11.6453,0.357473,161.016
533826,4188740.0,7168,5922,1,-0.0220078,0.240853,40.482,168.078,20335,7220,5935,4300,0.120501,0,70,9.24758,0.301066,159.082
533820,4188750.0,7169,5920,1,-0.0133412,0.303926,36.8046,121.097,20335,7197,5893,4283,0.180453,14,40,4.03896,0.379907,117.61
533822,4188750.0,7169,5921,1,-0.0243384,0.247849,42.0941,169.838,20335,7222,5930,4300,0.161653,2,69,10.3339,0.309811,160.02
533826,4188750.0,7169,5922,1,-0.0389998,0.243294,40.1628,165.08,20335,7220,5935,4300,0.155532,0,69,16.0952,0.304117,156.195
533816,4188750.0,7170,5919,1,-0.0322402,0.284536,22.1447,77.8273,20335,7180,5897,4298,0.220901,5,28,6.27292,0.35567,73.3759
533820,4188750.0,7170,5920,1,-0.0283288,0.294782,46.8623,158.973,20335,7221,5909,4301,0.20308,16,47,11.2588,0.368478,154.831
533822,4188750.0,7170,5921,1,-0.0307883,0.247718,41.2624,166.57,20335,7222,5931,4300,0.191889,1,68,12.821,0.309647,157.448
533814,4188750.0,7171,5918,1,-0.0114988,0.28368,18.0748,63.7153,20335,7177,5899,4298,0.254615,6,20,1.83162,0.3546,60.9758
533816,4188750.0,7171,5919,1,-0.0215644,0.318963,51.8841,162.665,20335,7220,5897,4301,0.252401,17,53,8.76946,0.398703,160.39
533820,4188750.0,7171,5920,1,-0.0347061,0.262463,41.7299,158.993,20335,7222,5925,4300,0.235299,10,53,13.7951,0.328079,152.272
533822,4188750.0,7171,5921,1,-0.0347156,0.246967,40.6765,164.704,20335,7222,5931,4300,0.235373,0,68,14.2945,0.308709,154.72
533814,4188760.0,7172,5918,1,-0.00113335,0.310036,34.3464,110.782,20335,7197,5893,4283,0.235688,12,37,0.313888,0.387546,106.58
533816,4188760.0,7172,5919,1,-0.00104398,0.296672,45.1578,152.215,20335,7221,5909,4301,0.249999,16,44,0.397271,0.37084,148.366
533820,4188760.0,7172,5920,1,-0.0175761,0.250866,39.955,159.268,20335,7222,5930,4300,0.258028,0,67,6.99827,0.313583,151.519
533810,4188760.0,7173,5917,1,-0.0154679,0.309045,29.1999,94.4844,20335,7192,5893,4282,0.212931,15,27,3.65368,0.386306,92.5998
533816,4188760.0,7173,5919,1,-0.00043282,0.266542,40.3968,151.559,20335,7222,5923,4300,0.223103,4,54,0.163994,0.333177,145.936
533814,4188760.0,7174,5918,1,-0.0161557,0.302096,43.7929,144.963,20335,7221,5909,4301,0.199779,17,40,5.85497,0.37762,142.322
533810,4188760.0,7175,5917,1,-0.00432843,0.317849,45.0343,141.685,20335,7220,5904,4301,0.194397,22,35,1.53318,0.397311,139.389
533802,4188770.0,7176,5914,1,-0.00461428,0.303712,19.8679,65.4168,20335,7184,5895,4298,0.128985,8,18,0.754628,0.37964,62.8711
533798,4188770.0,7177,5913,1,-0.00435357,0.321098,19.3522,60.2689,20335,7184,5895,4298,0.127574,8,16,0.655963,0.401372,59.533
533804,4188770.0,7177,5915,1,-0.0105758,0.344347,47.7829,138.764,20335,7219,5896,4301,0.131398,22,38,3.66884,0.430434,137.345
533796,4188770.0,7178,5912,1,-0.0062508,0.328182,17.0869,52.0654,20335,7182,5896,4298,0.125488,10,11,0.813626,0.410227,50.715
533802,4188770.0,7178,5914,1,-0.00309119,0.340742,38.8494,114.014,20335,7205,5890,4283,0.139297,24,26,0.881099,0.425928,108.415
533798,4188780.0,7179,5913,1,-0.00267403,0.335768,30.1584,89.8191,20335,7199,5893,4283,0.12969,11,28,0.600446,0.41971,85.6739
533954,4188870.0,7210,5965,1,-0.0376239,0.13885,6.13647,44.195,20335,7212,5951,4300,0.172075,0,17,4.15697,0.173563,43.7731
533958,4188870.0,7210,5966,1,-0.0267625,0.137669,6.48763,47.1248,20335,7212,5951,4300,0.122733,0,18,3.15294,0.172086,46.7555
533960,4188870.0,7210,5967,1,-0.0267498,0.126928,6.83759,53.8699,20335,7213,5951,4300,0.0912478,0,22,3.60252,0.15866,50.6014
533954,4188870.0,7211,5965,1,-0.0274646,0.143467,6.13934,42.7927,20335,7212,5951,4300,0.137255,0,16,2.93821,0.179334,43.5393
533958,4188870.0,7211,5966,1,-0.0255516,0.139017,6.36584,45.7917,20335,7212,5951,4300,0.104471,0,17,2.92513,0.173772,46.5272
533954,4188880.0,7212,5965,1,-0.0277352,0.138516,5.96863,43.0899,20335,7213,5951,4300,0.11613,0,16,2.98777,0.173145,43.7321
533954,4188880.0,7213,5965,1,-0.0272022,0.107183,5.69832,53.1645,20335,7212,5951,4300,0.116003,0,26,3.61548,0.133978,43.7321
533952,4188880.0,7214,5964,1,-0.0376747,0.11474,5.23274,45.6051,20335,7213,5951,4300,0.162864,0,21,4.2954,0.143425,40.5278
533948,4188880.0,7215,5963,1,-0.0139065,0.103087,4.25423,41.2683,20335,7213,5951,4300,0.19254,0,19,1.43475,0.128859,37.769
533952,4188880.0,7215,5964,1,-0.0213092,0.0962351,4.64597,48.2772,20335,7213,5951,4300,0.179753,0,22,2.57188,0.120294,40.9844
533946,4188890.0,7217,5962,1,-0.0014771,0.0839005,3.29706,39.2972,20335,7213,5951,4300,0.113288,0,18,0.145114,0.104876,36.0624
533946,4188890.0,7218,5962,1,-0.00344805,0.0739475,2.78612,37.677,20335,7215,5951,4300,0.0944275,0,17,0.32478,0.0924344,35.3621
533940,4188900.0,7221,5960,1,-0.00418225,0.0665576,2.19168,32.9291,20335,7215,5951,4300,0.0251917,0,14,0.344294,0.083197,33.4366
533930,4188910.0,7223,5957,1,-0.0106492,0.0898143,3.0928,34.4356,20335,7215,5951,4300,0.189227,0,15,0.916779,0.112268,30.579
533928,4188910.0,7224,5956,1,-0.0130359,0.103727,3.89783,37.5776,20335,7215,5951,4300,0.194874,0,17,1.22465,0.129659,31.2883
533930,4188910.0,7224,5957,1,-0.018761,0.0858485,3.56546,41.532,20335,7215,5951,4300,0.181178,0,18,1.94795,0.107311,32.8911
533924,4188920.0,7225,5955,1,-0.0163777,0.118564,4.88089,41.1667,20335,7215,5951,4300,0.207997,0,19,1.68554,0.148205,32.5293
533922,4188920.0,7226,5954,1,-0.0351102,0.128003,5.66275,44.2392,20335,7215,5951,4300,0.174542,0,19,3.88311,0.160004,34.3079
533918,4188920.0,7227,5953,1,-0.0220784,0.136938,6.30586,46.049,20335,7215,5951,4300,0.132977,0,21,2.54173,0.171172,36.5106
533916,4188920.0,7228,5952,1,-0.012244,0.156219,6.80995,43.5923,20335,7215,5951,4300,0.139737,0,17,1.33436,0.195274,39.3664
533912,4188930.0,7229,5951,1,-0.0264496,0.171677,7.4111,43.1688,20335,7215,5951,4300,0.13417,1,16,2.8545,0.214596,40.5028
533906,4188930.0,7230,5949,1,-0.0405161,0.278991,10.5206,37.7093,20335,7220,5942,4300,0.0996465,5,11,3.81959,0.348739,38.0011
533910,4188930.0,7230,5950,1,-0.0379365,0.181993,10.4736,57.5492,20335,7219,5942,4300,0.102246,1,21,5.45803,0.227492,41.2699
533900,4188930.0,7231,5947,1,-0.0319921,0.301716,12.0277,39.8644,20335,7222,5937,4300,0.100238,1,17,3.18836,0.377145,41.3823
533904,4188930.0,7231,5948,1,-0.0378957,0.298748,11.7662,39.3852,20335,7221,5939,4300,0.0532141,5,13,3.73132,0.373435,38.3885
533906,4188930.0,7231,5949,1,-0.0493346,0.15089,8.42784,55.8542,20335,7215,5951,4300,0.0413399,0,23,6.88885,0.188613,48.3651
533894,4188940.0,7232,5945,1,-0.0435519,0.318361,12.3698,38.8546,20335,7224,5935,4300,0.130035,0,17,4.23047,0.397952,39.2331
533898,4188940.0,7232,5946,1,-0.0396531,0.314689,12.3488,39.2414,20335,7223,5936,4300,0.0764418,2,16,3.89011,0.393362,42.4539
533900,4188940.0,7232,5947,1,-0.0321121,0.293206,12.4686,42.525,20335,7223,5936,4300,0.030779,2,17,3.41392,0.366508,44.0395
533892,4188940.0,7233,5944,1,-0.0389793,0.332851,12.1669,36.5534,20335,7224,5935,4300,0.104419,3,14,3.56207,0.416064,36.1132
533894,4188940.0,7233,5945,1,-0.0346651,0.31469,12.418,39.461,20335,7224,5935,4300,0.0674096,3,15,3.4198,0.393362,42.4087
533886,4188940.0,7234,5942,1,-0.0223157,0.319787,12.4275,38.8618,20335,7224,5933,4300,0.118016,6,12,2.16807,0.399734,38.3091
533888,4188940.0,7234,5943,1,-0.0246057,0.302898,12.1818,40.2174,20335,7224,5934,4300,0.0738251,6,12,2.47395,0.378623,39.5389
533892,4188940.0,7234,5944,1,-0.0229326,0.281149,12.3853,44.0526,20335,7224,5934,4300,0.059117,6,13,2.52561,0.351436,41.8983
533882,4188940.0,7235,5941,1,-0.0223682,0.302173,12.4183,41.0965,20335,7224,5933,4300,0.0996272,10,8,2.29814,0.377716,40.3523
533886,4188940.0,7235,5942,1,-0.0214493,0.299397,12.5866,42.0397,20335,7224,5933,4300,0.0473256,8,11,2.25431,0.374247,41.4175
533880,4188950.0,7236,5940,1,-0.0247135,0.301373,12.8561,42.6586,20335,7224,5932,4300,0.0814899,7,12,2.63561,0.376716,41.7964
533882,4188950.0,7236,5941,1,-0.0266476,0.293949,12.9119,43.9255,20335,7224,5932,4300,0.0324008,10,10,2.92627,0.367437,43.0198
533874,4188950.0,7237,5938,1,-0.0169013,0.303502,13.1374,43.2861,20335,7224,5932,4300,0.141259,5,13,1.82898,0.379378,42.1835
533876,4188950.0,7237,5939,1,-0.0104041,0.291822,13.0211,44.62,20335,7224,5932,4300,0.0853864,6,13,1.16058,0.364778,43.1881
533880,4188950.0,7237,5940,1,-0.0117284,0.27877,12.9632,46.5014,20335,7224,5932,4300,0.0377421,7,13,1.36347,0.348462,44.1722
533870,4188950.0,7238,5937,1,-0.014115,0.298882,13.7393,45.969,20335,7224,5931,4300,0.167247,5,14,1.62213,0.373603,44.1077
533874,4188950.0,7238,5938,1,-0.0131764,0.284211,13.4803,47.4306,20335,7224,5932,4300,0.126185,5,16,1.56241,0.355264,44.663
533868,4188960.0,7239,5936,1,-0.035705,0.293411,14.4761,49.3371,20335,7224,5931,4300,0.168532,6,15,4.40396,0.366764,46.3237
533870,4188960.0,7239,5937,1,-0.0211085,0.272471,14.0427,51.5384,20335,7224,5932,4300,0.160324,5,18,2.71975,0.340589,46.305
533858,4188960.0,7240,5933,1,-0.0157262,0.288486,16.3319,56.6126,20335,7224,5926,4300,0.122927,1,21,2.22576,0.360607,51.6397
533862,4188960.0,7240,5934,1,-0.0250477,0.28349,16.4964,58.1903,20335,7224,5926,4300,0.11403,4,19,3.64384,0.354363,52.1594
533864,4188960.0,7240,5935,1,-0.0510212,0.280181,15.1312,54.0051,20335,7224,5930,4300,0.104566,7,15,6.88851,0.350226,49.1039
533784,4188960.0,7241,5908,1,-0.0198633,0.309818,25.2919,81.6348,20335,7221,5891,4301,0.108725,5,31,4.05385,0.387272,77.4846
533786,4188960.0,7241,5909,1,-0.0144648,0.302726,18.998,62.7564,20335,7222,5904,4301,0.106936,5,18,2.26939,0.378408,57.6166
533790,4188960.0,7241,5910,1,-0.0167648,0.317098,18.2397,57.5209,20335,7223,5907,4301,0.11739,0,20,2.41081,0.396372,53.278
533792,4188960.0,7241,5911,1,-0.0223901,0.338744,17.4948,51.6461,20335,7224,5909,4301,0.134209,2,18,2.89091,0.42343,49.7199
533796,4188960.0,7241,5912,1,-0.0213841,0.343939,17.4424,50.7136,20335,7224,5911,4301,0.145822,0,17,2.71115,0.429924,49.6782
533858,4188960.0,7241,5933,1,-0.0210592,0.275271,16.6051,60.3225,20335,7224,5926,4300,0.0780952,1,22,3.17586,0.344089,54.2154
533798,4188970.0,7242,5913,1,-0.0192828,0.31743,18.0541,56.8759,20335,7224,5910,4301,0.100466,0,20,2.74182,0.396787,53.2671
533802,4188970.0,7242,5914,1,-0.0143609,0.321191,18.1777,56.5948,20335,7224,5911,4301,0.0971063,0,20,2.03188,0.401488,53.2951
533804,4188970.0,7242,5915,1,-0.0184862,0.331032,17.9709,54.2875,20335,7225,5912,4301,0.0951787,0,21,2.50893,0.41379,50.4409
533808,4188970.0,7242,5916,1,-0.0256602,0.332671,18.0154,54.1536,20335,7225,5913,4301,0.0901201,0,21,3.47397,0.415839,50.5751
533810,4188970.0,7242,5917,1,-0.0265249,0.34311,17.9779,52.3968,20335,7225,5914,4301,0.0902952,4,15,3.47455,0.428888,50.3561
533814,4188970.0,7242,5918,1,-0.0272494,0.344296,17.6264,51.1954,20335,7225,5916,4301,0.092334,5,13,3.4876,0.43037,49.8597
533816,4188970.0,7242,5919,1,-0.0274522,0.34164,17.5298,51.3107,20335,7225,5917,4301,0.0936602,6,14,3.52148,0.427051,49.8814
533820,4188970.0,7242,5920,1,-0.021611,0.344066,17.6537,51.309,20335,7225,5917,4301,0.103492,8,13,2.7721,0.430083,50.1095
533846,4188970.0,7242,5929,1,-0.0297155,0.350592,17.8438,50.8961,20335,7226,5923,4301,0.0749023,0,21,3.78101,0.43824,52.2892
533850,4188970.0,7242,5930,1,-0.0244469,0.328155,17.9573,54.722,20335,7226,5923,4301,0.0550578,3,19,3.34446,0.410194,51.796
533852,4188970.0,7242,5931,1,-0.0251419,0.301219,17.7964,59.0814,20335,7225,5924,4300,0.0425259,5,18,3.71354,0.376524,55.5297
533856,4188970.0,7242,5932,1,-0.0176012,0.258325,16.9977,65.7997,20335,7224,5926,4300,0.0456386,2,25,2.89538,0.322907,55.7384
533820,4188970.0,7243,5920,1,-0.0159486,0.314938,18.0954,57.457,20335,7225,5916,4301,0.0688022,4,19,2.29089,0.393672,53.6211
533822,4188970.0,7243,5921,1,-0.0119037,0.321158,17.9921,56.0225,20335,7225,5917,4301,0.0788547,7,16,1.66719,0.401447,53.5976
533826,4188970.0,7243,5922,1,-0.0168706,0.318219,17.8846,56.202,20335,7225,5918,4301,0.0900957,7,14,2.3704,0.397774,54.0357
533828,4188970.0,7243,5923,1,-0.023583,0.322066,18.2004,56.5114,20335,7225,5918,4301,0.0926276,8,14,3.33177,0.402583,54.5195
533832,4188970.0,7243,5924,1,-0.0241787,0.318956,18.0655,56.6396,20335,7225,5919,4301,0.0880864,6,16,3.42368,0.398695,54.9611
533834,4188970.0,7243,5925,1,-0.0175944,0.340208,17.8671,52.5181,20335,7226,5920,4301,0.0839361,9,12,2.31007,0.42526,51.6658
533838,4188970.0,7243,5926,1,-0.0106771,0.335861,17.8391,53.1145,20335,7226,5921,4301,0.0774207,11,10,1.41778,0.419826,52.1264
533840,4188970.0,7243,5927,1,-0.0122787,0.331407,18.0438,54.4461,20335,7226,5921,4301,0.0690085,10,12,1.67132,0.414259,52.9244
533844,4188970.0,7243,5928,1,-0.0217649,0.327776,18.2694,55.7373,20335,7226,5921,4301,0.0548135,10,13,3.03279,0.409721,53.6521
533846,4188970.0,7243,5929,1,-0.0306339,0.325637,18.1247,55.659,20335,7226,5922,4301,0.0269809,6,17,4.26264,0.407047,53.7401
533528,4189200.0,7320,5823,1,-0.00296459,0.245824,60.0134,244.132,20335,7380,5771,4306,0.230459,15,96,1.80937,0.30728,236.56
533526,4189210.0,7322,5822,1,-0.00299577,0.246839,58.5003,236.997,20335,7380,5771,4306,0.219801,15,93,1.77497,0.308549,230.106
533528,4189210.0,7322,5823,1,-0.00236945,0.244376,58.725,240.305,20335,7380,5771,4306,0.221669,17,92,1.42348,0.305471,231.972
533526,4189210.0,7323,5822,1,-0.00387337,0.2462,57.8994,235.173,20335,7380,5771,4306,0.220516,16,91,2.27728,0.307749,227.795
533526,4189210.0,7324,5822,1,-0.00281804,0.245817,57.2858,233.042,20335,7380,5771,4306,0.221917,17,89,1.6418,0.307271,225.541
533522,4189220.0,7326,5821,1,-0.00585805,0.246982,55.832,226.057,20335,7380,5771,4306,0.207153,17,86,3.31063,0.308727,219.107
533522,4189220.0,7327,5821,1,-0.00590488,0.24671,55.2428,223.918,20335,7380,5771,4306,0.208493,17,85,3.30552,0.308387,216.895
533522,4189220.0,7328,5821,1,-0.00434372,0.240938,54.6423,226.79,20335,7380,5771,4306,0.211846,16,85,2.46278,0.301173,217.622
533522,4189230.0,7329,5821,1,-0.00347905,0.26259,101.561,386.767,20335,7410,5744,4307,0.20883,38,131,3.36395,0.328238,335.365
533510,4189260.0,7341,5817,1,-0.00869645,0.284614,97.723,343.352,20335,7410,5744,4307,0.0436074,45,106,7.46486,0.355768,301.543
533508,4189270.0,7342,5816,1,-0.00954069,0.291647,97.3944,333.946,20335,7410,5744,4307,0.0742603,50,95,7.9652,0.364559,297.303
533510,4189270.0,7342,5817,1,-0.0156925,0.28241,97.6259,345.689,20335,7410,5744,4307,0.0553799,38,114,13.5618,0.353012,299.505
533504,4189270.0,7343,5815,1,-0.00226188,0.285556,97.1964,340.376,20335,7410,5744,4307,0.0787529,47,102,1.92472,0.356945,293.063
533502,4189270.0,7344,5814,1,-0.0156762,0.283929,49.3075,173.661,20335,7380,5771,4306,0.10026,15,63,6.80589,0.354912,169.716
533504,4189270.0,7344,5815,1,-0.00721391,0.295856,96.9238,327.605,20335,7410,5744,4307,0.0916112,50,94,5.90828,0.36982,291.027
533498,4189280.0,7345,5813,1,-0.00287533,0.290881,48.788,167.725,20335,7380,5771,4306,0.124328,15,61,1.20566,0.363601,166.06
533502,4189280.0,7345,5814,1,-0.00641548,0.289948,96.5076,332.844,20335,7410,5744,4307,0.123416,45,99,5.33839,0.362435,286.789
533496,4189280.0,7347,5812,1,-0.00849309,0.297454,48.0283,161.465,20335,7380,5771,4306,0.119577,15,58,3.42833,0.371818,159.873
533498,4189280.0,7347,5813,1,-0.0093038,0.293001,95.6534,326.461,20335,7410,5744,4307,0.117702,47,96,7.59331,0.366252,280.534
533496,4189280.0,7348,5812,1,-0.0123385,0.295786,47.6947,161.247,20335,7380,5771,4306,0.132128,17,55,4.9739,0.369733,157.011
533496,4189290.0,7349,5812,1,-0.00139684,0.293552,94.8393,323.075,20335,7410,5744,4307,0.136393,52,88,1.12821,0.36694,274.301
533496,4189290.0,7350,5812,1,-0.000314008,0.298418,94.4247,316.418,20335,7410,5744,4307,0.132617,45,92,0.248394,0.373022,272.323
533492,4189300.0,7352,5811,1,-2.02449e-05,0.301392,93.5543,310.408,20335,7410,5744,4307,0.12823,47,89,0.0157104,0.37674,266.135
533490,4189300.0,7353,5810,1,-0.00278788,0.304818,45.2676,148.507,20335,7381,5771,4306,0.136287,17,49,1.03505,0.381022,144.753
533486,4189300.0,7354,5809,1,-0.00155493,0.319931,44.9514,140.504,20335,7380,5771,4306,0.144723,15,48,0.546184,0.399914,139.469
533490,4189300.0,7354,5810,1,-0.00498975,0.305391,92.6843,303.494,20335,7410,5744,4307,0.139177,47,86,3.7859,0.381739,259.972
533486,4189300.0,7355,5809,1,-0.00364971,0.299114,92.141,308.047,20335,7410,5744,4307,0.144949,52,81,2.81071,0.373892,255.747
533484,4189310.0,7356,5808,1,-0.00511394,0.321878,43.6969,135.756,20335,7381,5771,4306,0.155611,18,43,1.73562,0.402347,135.841
533486,4189310.0,7356,5809,1,-0.00519347,0.309675,91.7397,296.245,20335,7410,5744,4307,0.144059,45,83,3.84634,0.387094,253.837
533480,4189310.0,7357,5807,1,-0.00430184,0.331617,43.192,130.247,20335,7380,5771,4306,0.175323,17,41,1.40075,0.414521,129.242
533484,4189310.0,7357,5808,1,-0.00370809,0.310466,91.0909,293.4,20335,7410,5744,4307,0.160235,48,80,2.71989,0.388083,249.616
533478,4189310.0,7358,5806,1,-0.00196424,0.338715,42.4991,125.471,20335,7380,5771,4306,0.179716,15,41,0.616142,0.423394,125.388
533474,4189320.0,7359,5805,1,-0.0094889,0.344983,41.7813,121.111,20335,7380,5771,4306,0.183737,16,38,2.87303,0.431229,121.327
533478,4189320.0,7359,5806,1,-0.00265541,0.310699,89.6328,288.488,20335,7410,5744,4307,0.18127,52,72,1.91514,0.388373,241.176
533472,4189320.0,7360,5804,1,-0.00526441,0.349824,40.9591,117.085,20335,7380,5771,4306,0.186499,16,36,1.54096,0.43728,117.08
533468,4189320.0,7361,5803,1,-0.00549533,0.354299,40.2129,113.5,20335,7380,5771,4306,0.178004,18,32,1.5593,0.442874,112.621
533472,4189320.0,7361,5804,1,-0.00409824,0.31444,88.1375,280.3,20335,7410,5744,4307,0.172387,52,68,2.87184,0.39305,232.739
533466,4189330.0,7362,5802,1,-0.0180781,0.35347,39.2537,111.052,20335,7381,5771,4306,0.193674,17,32,5.01904,0.441838,110.338
533468,4189330.0,7362,5803,1,-0.00730088,0.319509,87.4127,273.584,20335,7410,5744,4307,0.173596,50,68,4.99351,0.399386,228.522
533462,4189330.0,7363,5801,1,-0.0119401,0.314003,86.0829,274.147,20335,7410,5744,4307,0.22862,52,65,8.18332,0.392504,221.967
533466,4189330.0,7363,5802,1,-0.0209677,0.32432,86.6959,267.316,20335,7410,5744,4307,0.201599,47,69,14.0125,0.405399,224.306
533460,4189330.0,7364,5800,1,-0.0139053,0.324831,85.1532,262.147,20335,7410,5744,4307,0.240102,49,64,9.11309,0.406038,217.748
533462,4189330.0,7364,5801,1,-0.0145397,0.327407,85.799,262.056,20335,7410,5744,4307,0.2326,44,68,9.52554,0.409259,220.091
533456,4189340.0,7365,5799,1,-0.0196098,0.328489,84.191,256.297,20335,7410,5744,4307,0.272214,46,65,12.5649,0.410612,213.53
533460,4189340.0,7365,5800,1,-0.0224554,0.32949,84.7621,257.253,20335,7410,5744,4307,0.258104,44,66,14.4418,0.411862,215.877
533454,4189340.0,7366,5798,1,-0.0143755,0.329587,82.8897,251.496,20335,7410,5744,4307,0.291774,45,62,9.03845,0.411983,209.313
533456,4189340.0,7366,5799,1,-0.00864085,0.331288,83.5519,252.203,20335,7410,5744,4307,0.278292,45,61,5.44813,0.41411,211.664
533450,4189340.0,7367,5797,1,-0.0178558,0.331024,81.7041,246.822,20335,7410,5744,4307,0.314853,44,61,11.018,0.41378,205.097
533454,4189340.0,7367,5798,1,-0.0198037,0.3342,82.4493,246.707,20335,7410,5744,4307,0.290897,44,60,12.2143,0.41775,207.453
533448,4189340.0,7368,5796,1,-0.00861674,0.331737,80.2933,242.039,20335,7410,5744,4307,0.333334,43,60,5.21396,0.414672,200.882
533450,4189340.0,7368,5797,1,-0.0153986,0.337138,81.1647,240.746,20335,7410,5744,4307,0.317474,45,57,9.26785,0.421423,203.243
533448,4189350.0,7369,5796,1,-0.0168906,0.339988,79.7978,234.708,20335,7410,5744,4307,0.3335,48,52,9.91091,0.424985,199.034
533444,4189350.0,7370,5795,1,-0.00706712,0.345277,78.3296,226.86,20335,7410,5744,4307,0.336331,44,54,4.00812,0.431597,194.826
533442,4189350.0,7371,5794,1,-0.00871005,0.345705,77.0006,222.735,20335,7410,5744,4307,0.330636,48,48,4.85008,0.432131,190.621
533436,4189360.0,7372,5792,1,-0.000438923,0.341255,74.8996,219.483,20335,7410,5744,4307,0.286739,47,46,0.24084,0.426568,184.035
533436,4189360.0,7373,5792,1,-0.00113686,0.347472,74.3172,213.88,20335,7410,5744,4307,0.287577,48,44,0.607878,0.43434,182.214
533426,4189370.0,7376,5789,1,-0.00576329,0.351269,70.6644,201.169,20335,7410,5744,4307,0.292681,44,42,2.89849,0.439086,169.619
533418,4189370.0,7378,5786,1,-0.0174327,0.340883,68.0112,199.515,20335,7410,5744,4307,0.297694,45,40,8.6952,0.426104,158.815
533420,4189370.0,7378,5787,1,-0.00245889,0.342361,68.1815,199.151,20335,7410,5744,4307,0.288838,42,40,1.22422,0.427952,161.234
533418,4189380.0,7379,5786,1,-0.00430595,0.340811,67.0667,196.786,20335,7410,5744,4307,0.311134,44,38,2.11838,0.426013,157.045
533418,4189380.0,7380,5786,1,-0.00359242,0.342268,66.1959,193.404,20335,7410,5744,4307,0.316279,43,36,1.73697,0.427835,155.313
533414,4189380.0,7381,5785,1,-0.0447717,0.342839,65.1673,190.081,20335,7410,5744,4307,0.378321,42,37,21.2756,0.428549,151.139
533418,4189380.0,7381,5786,1,-0.0262344,0.348412,65.4444,187.836,20335,7410,5744,4307,0.342469,44,34,12.3194,0.435514,153.619
533402,4189410.0,7389,5781,1,-0.0082856,0.330686,51.9485,157.093,20335,7410,5744,4307,0.117288,37,28,3.25403,0.413357,128.303
533406,4189410.0,7390,5782,1,-0.01937,0.334307,51.5504,154.201,20335,7410,5744,4307,0.119633,38,27,7.46719,0.417884,129.556
533408,4189410.0,7391,5783,1,-0.0355795,0.337612,51.1599,151.534,20335,7410,5744,4307,0.116338,35,28,13.4788,0.422015,130.933
533412,4189420.0,7392,5784,1,-0.0514995,0.33881,50.8282,150.02,20335,7410,5744,4307,0.136077,39,24,19.3148,0.423512,132.433
533414,4189420.0,7393,5785,1,-0.0467766,0.340012,50.5047,148.538,20335,7410,5744,4307,0.134173,38,25,17.3702,0.425015,134.049
533418,4189420.0,7393,5786,1,-0.0161613,0.334764,50.4284,150.639,20335,7410,5744,4307,0.0660377,37,29,6.08628,0.418455,136.84
533418,4189420.0,7394,5786,1,-0.0808965,0.340997,50.3246,147.581,20335,7410,5744,4307,0.153387,37,28,29.847,0.426246,135.78
533420,4189420.0,7394,5787,1,-0.0217997,0.334591,50.2504,150.185,20335,7410,5744,4307,0.0622431,39,27,8.18493,0.418239,138.601
533420,4189420.0,7395,5787,1,-0.0852276,0.340234,50.1313,147.343,20335,7410,5744,4307,0.191925,39,26,31.3943,0.425293,137.619
533424,4189420.0,7395,5788,1,-0.0391969,0.333807,50.1039,150.098,20335,7410,5744,4307,0.074133,36,30,14.7085,0.417259,140.467
533426,4189420.0,7395,5789,1,-0.0245993,0.322906,50.0442,154.981,20335,7410,5744,4307,0.0475551,30,37,9.53108,0.403632,143.321
533426,4189430.0,7396,5789,1,-0.0752636,0.329249,49.8742,151.479,20335,7410,5744,4307,0.171009,31,35,28.5021,0.411561,142.435
533430,4189430.0,7396,5790,1,-0.0508558,0.32053,49.9434,155.815,20335,7410,5744,4307,0.0939388,30,37,19.8102,0.400663,145.313
533426,4189430.0,7397,5789,1,-0.0824949,0.330072,49.3052,149.377,20335,7410,5744,4307,0.378143,29,36,30.8071,0.41259,141.608
533420,4189450.0,7403,5787,1,-0.00252436,0.303659,40.4928,133.35,20335,7410,5744,4307,0.215425,24,33,0.841557,0.379573,131.977
533414,4189460.0,7405,5785,1,-0.00231086,0.309601,38.7559,125.18,20335,7410,5744,4307,0.197952,24,29,0.723184,0.387001,125.25
533412,4189460.0,7406,5784,1,-0.0113024,0.314113,38.1124,121.334,20335,7410,5744,4307,0.167863,25,28,3.42841,0.392641,121.969
533408,4189460.0,7407,5783,1,-0.0441502,0.318772,37.516,117.689,20335,7410,5744,4307,0.231943,25,26,12.99,0.398465,118.749
533412,4189460.0,7407,5784,1,-0.0280133,0.31447,37.9619,120.717,20335,7410,5744,4307,0.128022,24,28,8.45422,0.393088,121.743
533408,4189460.0,7408,5783,1,-0.0529615,0.318743,37.3458,117.166,20335,7410,5744,4307,0.220388,26,24,15.5132,0.398429,118.593
533408,4189470.0,7409,5783,1,-0.084454,0.319171,37.3727,117.093,20335,7410,5744,4307,0.198061,24,27,24.7224,0.398964,118.512
533408,4189470.0,7410,5783,1,-0.120777,0.315187,37.2911,118.314,20335,7410,5744,4307,0.207534,17,29,35.724,0.393984,118.509
533408,4189470.0,7411,5783,1,-0.136263,0.307916,36.7634,119.394,20335,7410,5744,4307,0.280706,14,31,40.6726,0.384895,118.583
533408,4189480.0,7412,5783,1,-0.0908435,0.300885,35.9369,119.437,20335,7410,5744,4307,0.333625,15,31,27.1253,0.376106,118.735
533408,4189480.0,7413,5783,1,-0.0466987,0.290724,34.7492,119.526,20335,7410,5744,4307,0.320239,16,29,13.9543,0.363405,118.963
533408,4189480.0,7414,5783,1,-0.0357476,0.28469,34.2582,120.335,20335,7410,5744,4307,0.254625,17,29,10.7543,0.355862,116.045
533408,4189480.0,7415,5783,1,-0.0819951,0.279915,34.0064,121.488,20335,7410,5744,4307,0.210382,16,37,24.9036,0.349894,116.547
533408,4189490.0,7416,5783,1,-0.111261,0.273391,33.5978,122.893,20335,7410,5744,4307,0.217763,16,36,34.183,0.341739,116.932
533406,4189490.0,7417,5782,1,-0.0562609,0.2714,32.1559,118.481,20335,7410,5744,4307,0.315096,14,36,16.6647,0.33925,114.436
533402,4189490.0,7418,5781,1,-0.0415622,0.267461,30.9048,115.549,20335,7410,5744,4307,0.324941,13,35,12.0062,0.334326,112.045
533406,4189490.0,7418,5782,1,-0.0821684,0.263819,31.7977,120.528,20335,7410,5744,4307,0.259114,14,37,24.759,0.329774,114.985
533400,4189500.0,7419,5780,1,-0.0299952,0.263801,29.8514,113.159,20335,7410,5744,4307,0.323393,12,36,8.48555,0.329751,109.765
533402,4189500.0,7419,5781,1,-0.0874028,0.265095,30.8614,116.416,20335,7410,5744,4307,0.2114,14,35,25.4377,0.331369,112.685
533396,4189500.0,7420,5779,1,-0.0465104,0.263709,29.0728,110.246,20335,7410,5744,4307,0.341954,12,32,12.8189,0.329637,107.605
533400,4189500.0,7420,5780,1,-0.0705051,0.266386,30.1808,113.297,20335,7410,5744,4307,0.183135,12,35,19.9701,0.332982,110.501
